Timestamp,id,lat,long
01/06/2014 06:30:32,35,36.06753682,24.87328891
01/06/2014 06:30:33,35,36.06754912,24.8733002
01/06/2014 06:33:01,4,36.07820944,24.87214094
01/06/2014 06:33:01,4,36.07819206,24.87205572
01/06/2014 06:33:01,35,36.06753691,24.87331077
01/06/2014 06:33:02,4,36.0782097,24.87194836
01/06/2014 06:33:03,4,36.07819533,24.87187172
01/06/2014 06:33:04,4,36.07820071,24.87178137
01/06/2014 06:53:01,4,36.07332875,24.86418589
01/06/2014 06:55:00,19,36.08263124,24.85099767
01/06/2014 06:55:07,19,36.08199995,24.85095773
01/06/2014 06:55:10,19,36.08181534,24.85093707
01/06/2014 06:57:58,10,36.0734008,24.86419537
01/06/2014 07:01:01,7,36.08448563,24.86423759
01/06/2014 07:01:01,10,36.07333841,24.86419877
01/06/2014 07:02:01,7,36.08139197,24.86421959
01/06/2014 07:02:01,11,36.08418612,24.85897695
01/06/2014 07:02:01,11,36.08418394,24.85895841
01/06/2014 07:02:01,32,36.07214754,24.87461763
01/06/2014 07:02:01,32,36.07218544,24.87462639
01/06/2014 07:02:01,34,36.06769163,24.90249214
01/06/2014 07:02:02,7,36.08139121,24.86423187
01/06/2014 07:02:02,34,36.06770145,24.90251306
01/06/2014 07:02:03,7,36.08130764,24.86425328
01/06/2014 07:02:03,32,36.0722779,24.87463377
01/06/2014 07:02:03,34,36.06767919,24.90266125
01/06/2014 07:02:04,7,36.0812656,24.86423342
01/06/2014 07:02:04,11,36.08422068,24.85881176
01/06/2014 07:02:04,32,36.07234036,24.87466713
01/06/2014 07:02:05,11,36.08420077,24.85879713
01/06/2014 07:02:05,32,36.07238892,24.87464914
01/06/2014 07:02:06,7,36.08116985,24.86424961
01/06/2014 07:02:06,11,36.08423205,24.85867482
01/06/2014 07:02:07,7,36.08113492,24.8642246
01/06/2014 07:02:07,11,36.08420431,24.85870205
01/06/2014 07:02:07,32,36.07244195,24.87466198
01/06/2014 07:02:08,7,36.08110315,24.86427043
01/06/2014 07:02:08,32,36.07244101,24.87461799
01/06/2014 07:02:08,34,36.06750134,24.90276768
01/06/2014 07:02:09,7,36.08102364,24.86424582
01/06/2014 07:02:09,32,36.07244958,24.87454506
01/06/2014 07:02:10,11,36.08416893,24.85848395
01/06/2014 07:02:10,32,36.07242087,24.87448876
01/06/2014 07:02:11,7,36.08093026,24.86427477
01/06/2014 07:02:11,11,36.08420755,24.85843314
01/06/2014 07:02:11,32,36.07244932,24.87444505
01/06/2014 07:02:12,7,36.08088088,24.86427041
01/06/2014 07:02:12,11,36.08418829,24.85839984
01/06/2014 07:02:12,32,36.07245793,24.87438385
01/06/2014 07:02:13,7,36.08081853,24.8642499
01/06/2014 07:02:13,32,36.07245546,24.87436441
01/06/2014 07:02:14,7,36.08077562,24.8642757
01/06/2014 07:02:14,32,36.07244732,24.8743175
01/06/2014 07:02:15,7,36.08071757,24.86427546
01/06/2014 07:02:15,32,36.0724223,24.87425727
01/06/2014 07:02:16,11,36.08423331,24.85820459
01/06/2014 07:02:16,32,36.0724214,24.87418484
01/06/2014 07:02:16,34,36.06722296,24.90308713
01/06/2014 07:02:17,7,36.08064752,24.86426888
01/06/2014 07:02:17,11,36.08419955,24.85813707
01/06/2014 07:02:17,32,36.07243196,24.87417003
01/06/2014 07:02:18,7,36.0805795,24.86429806
01/06/2014 07:02:18,11,36.08427806,24.85810394
01/06/2014 07:02:18,34,36.06716081,24.90323653
01/06/2014 07:02:19,7,36.08051043,24.86430234
01/06/2014 07:02:19,11,36.08424072,24.85808176
01/06/2014 07:02:19,32,36.07242407,24.87405736
01/06/2014 07:02:20,7,36.0804809,24.86431125
01/06/2014 07:02:20,11,36.08426429,24.85803471
01/06/2014 07:02:20,32,36.07243534,24.87401959
01/06/2014 07:02:20,34,36.06706816,24.9032157
01/06/2014 07:02:21,7,36.08040445,24.86429231
01/06/2014 07:02:21,11,36.08423442,24.85798419
01/06/2014 07:02:21,32,36.07245646,24.87396358
01/06/2014 07:02:22,7,36.08038544,24.86425947
01/06/2014 07:02:22,11,36.08423838,24.85792205
01/06/2014 07:02:22,32,36.07246041,24.87389987
01/06/2014 07:02:22,34,36.06705158,24.90322573
01/06/2014 07:02:23,32,36.07243269,24.87386993
01/06/2014 07:02:24,7,36.08026436,24.86428967
01/06/2014 07:02:24,11,36.08426571,24.85785466
01/06/2014 07:02:24,32,36.07242231,24.87381021
01/06/2014 07:02:25,32,36.07244402,24.87374274
01/06/2014 07:02:26,7,36.08019524,24.86423444
01/06/2014 07:02:27,11,36.08428956,24.85766486
01/06/2014 07:02:27,32,36.07243528,24.87365329
01/06/2014 07:02:28,11,36.08424901,24.85766417
01/06/2014 07:02:28,32,36.07245543,24.87360891
01/06/2014 07:02:28,34,36.06672297,24.90335301
01/06/2014 07:02:29,7,36.0800376,24.86422996
01/06/2014 07:02:30,7,36.07996257,24.86423474
01/06/2014 07:02:30,32,36.07245948,24.87351117
01/06/2014 07:02:31,7,36.07991874,24.86425839
01/06/2014 07:02:31,32,36.07242213,24.87345101
01/06/2014 07:02:32,7,36.07985809,24.86424323
01/06/2014 07:02:32,11,36.0842337,24.85745846
01/06/2014 07:02:32,32,36.07243502,24.87338847
01/06/2014 07:02:32,34,36.06652404,24.90345352
01/06/2014 07:02:33,32,36.07242418,24.87335799
01/06/2014 07:02:34,11,36.08425902,24.85737296
01/06/2014 07:02:34,32,36.0724295,24.87331723
01/06/2014 07:02:34,34,36.06641329,24.90355699
01/06/2014 07:02:35,7,36.07970476,24.86422889
01/06/2014 07:02:35,32,36.07243759,24.8732569
01/06/2014 07:02:35,34,36.06643695,24.90349104
01/06/2014 07:02:36,7,36.07967819,24.8642436
01/06/2014 07:02:36,32,36.07244434,24.87318654
01/06/2014 07:02:36,34,36.06630022,24.90354493
01/06/2014 07:02:37,7,36.07964187,24.8641981
01/06/2014 07:02:37,11,36.08429215,24.85717539
01/06/2014 07:02:37,32,36.07242838,24.87315316
01/06/2014 07:02:38,7,36.07957493,24.86421261
01/06/2014 07:02:38,11,36.08430024,24.85714311
01/06/2014 07:02:39,7,36.07951267,24.8641834
01/06/2014 07:02:39,32,36.0724329,24.87305277
01/06/2014 07:02:40,11,36.08431662,24.85698236
01/06/2014 07:02:40,34,36.06613341,24.90347712
01/06/2014 07:02:41,7,36.07942791,24.86420072
01/06/2014 07:02:41,11,36.08424718,24.85695179
01/06/2014 07:02:41,32,36.07242701,24.87296279
01/06/2014 07:02:42,7,36.07938538,24.86416808
01/06/2014 07:02:42,11,36.08431328,24.85695918
01/06/2014 07:02:43,7,36.0793094,24.86417356
01/06/2014 07:02:43,32,36.07242208,24.87287041
01/06/2014 07:02:43,34,36.06607331,24.90338008
01/06/2014 07:02:44,32,36.07243568,24.87280753
01/06/2014 07:02:44,34,36.06600658,24.90336602
01/06/2014 07:02:45,7,36.07925015,24.86421176
01/06/2014 07:02:45,11,36.08425434,24.85677146
01/06/2014 07:02:45,32,36.07243264,24.87275685
01/06/2014 07:02:45,34,36.06598454,24.9033633
01/06/2014 07:02:46,7,36.07916442,24.86417968
01/06/2014 07:02:46,11,36.08424247,24.85675708
01/06/2014 07:02:46,32,36.07245305,24.872718
01/06/2014 07:02:47,7,36.07914097,24.86421302
01/06/2014 07:02:47,32,36.07242226,24.87266292
01/06/2014 07:02:47,34,36.06586101,24.90331694
01/06/2014 07:02:48,7,36.07906003,24.86418281
01/06/2014 07:02:48,11,36.08423882,24.85666374
01/06/2014 07:02:48,32,36.07243172,24.87259563
01/06/2014 07:02:49,7,36.07903537,24.86416594
01/06/2014 07:02:49,11,36.08429898,24.85655896
01/06/2014 07:02:49,32,36.07244888,24.87255577
01/06/2014 07:02:50,7,36.07898834,24.86420542
01/06/2014 07:02:50,11,36.08431775,24.85657518
01/06/2014 07:02:50,32,36.07242985,24.87249622
01/06/2014 07:02:50,34,36.06569751,24.90330715
01/06/2014 07:02:51,32,36.0724448,24.87246534
01/06/2014 07:02:52,7,36.07889789,24.86417085
01/06/2014 07:02:52,32,36.07244952,24.87240335
01/06/2014 07:02:52,34,36.06558242,24.90319859
01/06/2014 07:02:53,7,36.07882673,24.8641809
01/06/2014 07:02:53,11,36.08428938,24.85638984
01/06/2014 07:02:53,32,36.07243972,24.8723602
01/06/2014 07:02:53,34,36.0656002,24.90329485
01/06/2014 07:02:54,7,36.07880571,24.86417764
01/06/2014 07:02:54,11,36.084326,24.85628035
01/06/2014 07:02:54,32,36.07242276,24.87230922
01/06/2014 07:02:55,7,36.07871498,24.86415894
01/06/2014 07:02:55,11,36.08423557,24.85633263
01/06/2014 07:02:55,32,36.07244308,24.87227044
01/06/2014 07:04:19,32,36.06905007,24.87141494
01/06/2014 07:04:20,7,36.07474348,24.86414131
01/06/2014 07:04:20,11,36.08281977,24.85355366
01/06/2014 07:04:20,17,36.06025454,24.89939168
01/06/2014 07:04:20,32,36.06898288,24.87138484
01/06/2014 07:04:21,7,36.07467913,24.86416345
01/06/2014 07:04:21,32,36.06893229,24.87139439
01/06/2014 07:04:22,7,36.0746417,24.86413604
01/06/2014 07:04:22,11,36.08279604,24.85347452
01/06/2014 07:04:23,7,36.07458275,24.8641388
01/06/2014 07:04:23,17,36.06017444,24.89963915
01/06/2014 07:04:23,32,36.06885383,24.87140212
01/06/2014 07:04:23,34,36.06172555,24.90491559
01/06/2014 07:04:24,7,36.07451582,24.86414903
01/06/2014 07:04:24,11,36.08273975,24.85333798
01/06/2014 07:04:25,7,36.07449182,24.8641511
01/06/2014 07:04:25,11,36.08275811,24.85328958
01/06/2014 07:04:25,17,36.06017113,24.89967291
01/06/2014 07:04:25,32,36.06873517,24.87137545
01/06/2014 07:04:25,34,36.06155336,24.90486702
01/06/2014 07:04:26,7,36.07441604,24.86417148
01/06/2014 07:04:26,17,36.06017506,24.89975495
01/06/2014 07:04:26,32,36.06868097,24.87136656
01/06/2014 07:04:26,34,36.06153547,24.90487019
01/06/2014 07:04:27,7,36.07439135,24.86417572
01/06/2014 07:04:27,32,36.06863478,24.8714069
01/06/2014 07:04:27,34,36.06157248,24.90482294
01/06/2014 07:04:28,32,36.06858398,24.87137194
01/06/2014 07:04:28,34,36.06147004,24.90484094
01/06/2014 07:04:29,7,36.07428799,24.86418759
01/06/2014 07:04:29,11,36.08276027,24.85304047
01/06/2014 07:04:29,32,36.06855873,24.87138762
01/06/2014 07:04:29,34,36.06145722,24.90476152
01/06/2014 07:04:30,7,36.07425005,24.8641994
01/06/2014 07:04:30,17,36.06010522,24.89996192
01/06/2014 07:04:30,32,36.06850934,24.87139538
01/06/2014 07:04:31,7,36.07417888,24.86418326
01/06/2014 07:04:31,17,36.06001463,24.89999756
01/06/2014 07:04:31,32,36.06842371,24.87139629
01/06/2014 07:04:32,7,36.07412625,24.86418995
01/06/2014 07:04:32,11,36.08279833,24.85294474
01/06/2014 07:04:32,17,36.06003598,24.90007353
01/06/2014 07:04:33,7,36.07408202,24.86417698
01/06/2014 07:04:33,11,36.08272813,24.8528601
01/06/2014 07:04:33,17,36.06002393,24.90010855
01/06/2014 07:04:33,32,36.06832685,24.87141793
01/06/2014 07:04:34,7,36.07402392,24.86418701
01/06/2014 07:04:34,11,36.08272514,24.85281316
01/06/2014 07:04:34,17,36.05996598,24.90006838
01/06/2014 07:04:34,32,36.06829615,24.87142271
01/06/2014 07:04:34,34,36.06119845,24.90461948
01/06/2014 07:04:35,11,36.08278296,24.85281531
01/06/2014 07:04:35,32,36.06821932,24.87144519
01/06/2014 07:04:36,7,36.07391938,24.86419886
01/06/2014 07:04:36,17,36.06003954,24.90018978
01/06/2014 07:04:36,34,36.06114719,24.90457468
01/06/2014 07:04:37,7,36.0739011,24.86419142
01/06/2014 07:04:37,11,36.082748,24.85266898
01/06/2014 07:04:37,17,36.05997096,24.90018059
01/06/2014 07:04:37,34,36.06115569,24.90455534
01/06/2014 07:04:38,7,36.07383911,24.86419506
01/06/2014 07:04:38,11,36.08277075,24.85265956
01/06/2014 07:04:38,32,36.06811399,24.87143773
01/06/2014 07:04:38,34,36.06107657,24.90458631
01/06/2014 07:04:39,7,36.07377305,24.86419192
01/06/2014 07:04:39,34,36.06105619,24.90446944
01/06/2014 07:04:40,7,36.07373055,24.86416446
01/06/2014 07:04:40,32,36.06800479,24.87145038
01/06/2014 07:04:41,17,36.05978746,24.90011313
01/06/2014 07:04:42,7,36.07363062,24.86417583
01/06/2014 07:04:42,11,36.0827364,24.85237935
01/06/2014 07:04:42,32,36.06790053,24.87147673
01/06/2014 07:04:43,7,36.07357429,24.86417551
01/06/2014 07:04:43,11,36.08280735,24.85239118
01/06/2014 07:04:43,32,36.0678273,24.8714584
01/06/2014 07:04:44,7,36.07352847,24.86417058
01/06/2014 07:04:44,11,36.08278475,24.85233666
01/06/2014 07:04:44,17,36.05959583,24.899974
01/06/2014 07:04:44,32,36.06781501,24.87149032
01/06/2014 07:04:44,34,36.06081346,24.90436224
01/06/2014 07:04:45,11,36.08281609,24.8522403
01/06/2014 07:04:45,32,36.06773474,24.87147713
01/06/2014 07:04:45,34,36.0608394,24.90430119
01/06/2014 07:04:46,7,36.07342381,24.86417369
01/06/2014 07:04:46,32,36.06774542,24.871527
01/06/2014 07:04:47,7,36.07337122,24.86418638
01/06/2014 07:04:47,32,36.06772811,24.87157519
01/06/2014 07:04:48,7,36.073406,24.8641762
01/06/2014 07:04:48,11,36.08276725,24.85212544
01/06/2014 07:04:48,32,36.06770709,24.871618
01/06/2014 07:04:49,7,36.07335685,24.8641878
01/06/2014 07:04:49,11,36.08279092,24.85205848
01/06/2014 07:04:49,17,36.05946118,24.89994306
01/06/2014 07:04:49,32,36.06771192,24.8717041
01/06/2014 07:04:50,11,36.08271974,24.8520306
01/06/2014 07:04:50,34,36.06055785,24.90414803
01/06/2014 07:04:51,32,36.06769324,24.87180221
01/06/2014 07:04:51,34,36.06058565,24.90414641
01/06/2014 07:04:52,32,36.06769067,24.8718251
01/06/2014 07:04:52,34,36.06046586,24.90407229
01/06/2014 07:04:53,32,36.06769209,24.87190155
01/06/2014 07:04:53,34,36.06052369,24.90403692
01/06/2014 07:04:54,11,36.08273577,24.85181376
01/06/2014 07:04:54,32,36.06766816,24.8719226
01/06/2014 07:04:55,32,36.06768449,24.87198927
01/06/2014 07:04:55,34,36.06042977,24.90406931
01/06/2014 07:04:56,11,36.08275536,24.85169128
01/06/2014 07:04:56,17,36.05908417,24.89973589
01/06/2014 07:04:56,32,36.06766207,24.87200908
01/06/2014 07:04:57,11,36.0827381,24.85171242
01/06/2014 07:04:57,34,36.06031199,24.90395587
01/06/2014 07:04:58,11,36.08280912,24.85164643
01/06/2014 07:04:58,34,36.06025927,24.90391889
01/06/2014 07:04:59,17,36.05902516,24.89963217
01/06/2014 07:04:59,32,36.06768334,24.8721611
01/06/2014 07:05:00,11,36.08279968,24.85154334
01/06/2014 07:05:00,32,36.06763671,24.87223205
01/06/2014 07:05:00,34,36.06020257,24.90383707
01/06/2014 07:05:01,12,36.06782827,24.899077
01/06/2014 07:05:01,32,36.06763341,24.87229519
01/06/2014 07:05:01,35,36.06752333,24.8733625
01/06/2014 07:05:01,35,36.06751696,24.87341223
01/06/2014 07:05:02,12,36.06766116,24.89922918
01/06/2014 07:05:02,32,36.06766786,24.87232734
01/06/2014 07:05:02,35,36.06751319,24.87342241
01/06/2014 07:05:03,17,36.0589787,24.8998169
01/06/2014 07:05:03,34,36.06012273,24.90380346
01/06/2014 07:05:03,35,36.06751326,24.87350997
01/06/2014 07:05:04,12,36.0675588,24.89918726
01/06/2014 07:05:04,32,36.06763247,24.87244336
01/06/2014 07:05:04,35,36.0674847,24.87352278
01/06/2014 07:05:05,11,36.08273872,24.85125645
01/06/2014 07:05:05,17,36.0588748,24.89982327
01/06/2014 07:05:05,34,36.06002381,24.90378267
01/06/2014 07:05:05,35,36.06747397,24.87358351
01/06/2014 07:05:06,11,36.08276856,24.85128321
01/06/2014 07:05:06,17,36.05885062,24.89992754
01/06/2014 07:05:06,35,36.06746844,24.87360854
01/06/2014 07:05:07,11,36.08274298,24.85120329
01/06/2014 07:05:07,12,36.06752995,24.89933672
01/06/2014 07:05:07,32,36.06763723,24.87258259
01/06/2014 07:05:07,34,36.059988,24.90385786
01/06/2014 07:05:07,35,36.0674664,24.87370357
01/06/2014 07:05:08,11,36.08273155,24.85110441
01/06/2014 07:05:08,17,36.05881132,24.90000931
01/06/2014 07:05:08,32,36.06762882,24.87260779
01/06/2014 07:05:08,34,36.05994171,24.90387377
01/06/2014 07:05:09,12,36.06732479,24.89938604
01/06/2014 07:05:09,17,36.05880387,24.90006685
01/06/2014 07:05:09,32,36.06759262,24.8727029
01/06/2014 07:05:09,35,36.0674733,24.87375709
01/06/2014 07:05:10,11,36.0827755,24.85098976
01/06/2014 07:05:10,32,36.06759203,24.87273866
01/06/2014 07:05:10,35,36.06745836,24.87382052
01/06/2014 07:05:11,12,36.06727994,24.89932714
01/06/2014 07:05:11,32,36.06761243,24.87279747
01/06/2014 07:05:11,35,36.06743228,24.87390139
01/06/2014 07:05:12,11,36.0826925,24.85096596
01/06/2014 07:05:12,12,36.06718691,24.89944546
01/06/2014 07:05:12,32,36.06758923,24.87281063
01/06/2014 07:05:12,34,36.05982859,24.90400635
01/06/2014 07:05:13,11,36.08257885,24.85097624
01/06/2014 07:05:13,12,36.06717995,24.89939365
01/06/2014 07:05:13,17,36.05877305,24.90021467
01/06/2014 07:05:13,34,36.05981307,24.9041324
01/06/2014 07:05:13,35,36.06746863,24.8739536
01/06/2014 07:05:14,11,36.08259983,24.85098536
01/06/2014 07:05:14,12,36.06719131,24.89939907
01/06/2014 07:05:14,32,36.06755002,24.87291606
01/06/2014 07:05:14,34,36.05984173,24.90411631
01/06/2014 07:05:14,35,36.06745706,24.87401982
01/06/2014 07:05:15,11,36.08251883,24.8509813
01/06/2014 07:05:15,12,36.06707084,24.89946229
01/06/2014 07:05:15,32,36.06756072,24.87299135
01/06/2014 07:05:15,34,36.05977705,24.90418345
01/06/2014 07:05:15,35,36.06741162,24.87408032
01/06/2014 07:05:16,11,36.08243563,24.85099957
01/06/2014 07:05:16,32,36.06756581,24.87303618
01/06/2014 07:05:16,34,36.05979797,24.90416159
01/06/2014 07:05:16,35,36.06743876,24.87413708
01/06/2014 07:05:17,17,36.058661,24.90043049
01/06/2014 07:05:17,32,36.06755143,24.8730582
01/06/2014 07:05:17,34,36.05971595,24.90431169
01/06/2014 07:05:17,35,36.06744788,24.8742064
01/06/2014 07:05:18,11,36.08233022,24.85094475
01/06/2014 07:05:18,35,36.06742729,24.87423485
01/06/2014 07:05:19,11,36.08228421,24.85100808
01/06/2014 07:05:19,17,36.05869532,24.90051389
01/06/2014 07:05:19,35,36.06742891,24.8742605
01/06/2014 07:05:20,34,36.05978222,24.90445836
01/06/2014 07:05:21,11,36.08220391,24.85092094
01/06/2014 07:05:21,12,36.06689214,24.89956141
01/06/2014 07:05:21,34,36.05973857,24.90440673
01/06/2014 07:05:21,35,36.06741995,24.87435603
01/06/2014 07:05:22,11,36.08218143,24.85097512
01/06/2014 07:05:22,32,36.06751866,24.87329396
01/06/2014 07:05:22,35,36.06737544,24.87445411
01/06/2014 07:05:23,32,36.06749728,24.87335374
01/06/2014 07:05:23,34,36.05966427,24.90456825
01/06/2014 07:05:23,35,36.06741227,24.8744869
01/06/2014 07:05:24,11,36.08212247,24.85092488
01/06/2014 07:05:24,12,36.06671908,24.89959802
01/06/2014 07:05:24,32,36.06750931,24.87335395
01/06/2014 07:05:24,34,36.05970773,24.90461369
01/06/2014 07:05:24,35,36.06735593,24.87455123
01/06/2014 07:05:25,11,36.08203705,24.85099184
01/06/2014 07:05:25,12,36.06671809,24.89954608
01/06/2014 07:05:25,35,36.06737139,24.87460197
01/06/2014 07:05:26,12,36.06676382,24.89950241
01/06/2014 07:05:27,11,36.08191228,24.85090322
01/06/2014 07:05:27,17,36.0585442,24.9009022
01/06/2014 07:05:28,11,36.08189938,24.85092034
01/06/2014 07:05:28,12,36.0666925,24.89939858
01/06/2014 07:05:28,17,36.05848492,24.90094359
01/06/2014 07:05:28,35,36.06732953,24.87473802
01/06/2014 07:05:29,11,36.08188455,24.85096159
01/06/2014 07:05:29,17,36.05853916,24.90103719
01/06/2014 07:05:29,34,36.05957741,24.90479788
01/06/2014 07:05:29,35,36.06735644,24.87480269
01/06/2014 07:05:30,11,36.08182695,24.85095016
01/06/2014 07:05:30,12,36.06668807,24.89929942
01/06/2014 07:05:30,35,36.06732404,24.87480131
01/06/2014 07:05:31,11,36.08180867,24.85094331
01/06/2014 07:05:31,12,36.06673428,24.89924961
01/06/2014 07:05:31,17,36.05847814,24.90106542
01/06/2014 07:05:31,35,36.06735829,24.87489018
01/06/2014 07:05:32,11,36.08174553,24.85095841
01/06/2014 07:05:32,12,36.06665161,24.89913198
01/06/2014 07:05:32,17,36.05841514,24.90113194
01/06/2014 07:05:32,34,36.05955854,24.90491104
01/06/2014 07:05:32,35,36.06732325,24.87489702
01/06/2014 07:05:33,17,36.05846845,24.90113114
01/06/2014 07:05:33,35,36.06737673,24.87496631
01/06/2014 07:05:34,34,36.05946529,24.90506423
01/06/2014 07:05:34,35,36.06733406,24.87504699
01/06/2014 07:05:35,17,36.05836818,24.90125962
01/06/2014 07:05:35,35,36.06735417,24.87509562
01/06/2014 07:05:36,17,36.05844117,24.90131327
01/06/2014 07:05:36,35,36.06733963,24.87515438
01/06/2014 07:05:37,12,36.06655097,24.89902319
01/06/2014 07:05:37,34,36.05931264,24.90488452
01/06/2014 07:05:38,12,36.06650547,24.8990797
01/06/2014 07:05:38,17,36.05830258,24.90137559
01/06/2014 07:05:38,34,36.05928419,24.9048565
01/06/2014 07:05:38,35,36.06734078,24.87524468
01/06/2014 07:05:39,12,36.06649294,24.89900173
01/06/2014 07:05:39,17,36.05830453,24.90144745
01/06/2014 07:05:39,34,36.05927321,24.90484707
01/06/2014 07:05:39,35,36.06736907,24.87529147
01/06/2014 07:05:40,12,36.06643343,24.89903488
01/06/2014 07:05:40,17,36.05834882,24.90147504
01/06/2014 07:05:40,35,36.06735299,24.87529592
01/06/2014 07:05:41,34,36.05920856,24.90480449
01/06/2014 07:05:41,35,36.06733186,24.87536929
01/06/2014 07:05:42,35,36.06733143,24.87540833
01/06/2014 07:05:43,12,36.06621696,24.89905703
01/06/2014 07:05:43,17,36.05823503,24.90172441
01/06/2014 07:05:44,12,36.06616167,24.89906465
01/06/2014 07:05:44,35,36.06733207,24.87550021
01/06/2014 07:05:45,35,36.06734353,24.87560182
01/06/2014 07:05:46,12,36.0660761,24.89903745
01/06/2014 07:05:46,17,36.05828169,24.90183015
01/06/2014 07:05:46,34,36.05888586,24.9046645
01/06/2014 07:05:46,35,36.06735321,24.87563111
01/06/2014 07:05:47,12,36.0660107,24.89903678
01/06/2014 07:05:47,34,36.05891192,24.90467009
01/06/2014 07:05:48,35,36.06736425,24.87573803
01/06/2014 07:05:49,12,36.06593247,24.89908841
01/06/2014 07:05:49,17,36.05821633,24.90199513
01/06/2014 07:05:49,35,36.06736381,24.87578831
01/06/2014 07:05:50,34,36.0588176,24.90461619
01/06/2014 07:05:51,12,36.065845,24.89915707
01/06/2014 07:05:51,35,36.06736608,24.87589038
01/06/2014 07:05:52,35,36.06733446,24.87590954
01/06/2014 07:05:53,17,36.05814503,24.90217015
01/06/2014 07:05:53,34,36.05868927,24.90448394
01/06/2014 07:05:53,35,36.06736394,24.87595112
01/06/2014 07:05:54,12,36.06577949,24.899124
01/06/2014 07:05:54,17,36.05813953,24.9022309
01/06/2014 07:05:54,35,36.0673511,24.87603207
01/06/2014 07:05:55,34,36.05862126,24.90448959
01/06/2014 07:05:55,35,36.06734421,24.87610218
01/06/2014 07:05:56,12,36.0656644,24.89904782
01/06/2014 07:05:56,35,36.06733397,24.87612711
01/06/2014 07:05:57,34,36.05851783,24.90437129
01/06/2014 07:05:57,35,36.06738336,24.87615148
01/06/2014 07:05:58,12,36.06554975,24.89911253
01/06/2014 07:05:58,17,36.05805432,24.90230019
01/06/2014 07:05:58,34,36.05847443,24.90436318
01/06/2014 07:05:58,35,36.06738398,24.87619074
01/06/2014 07:05:59,12,36.06545946,24.89907073
01/06/2014 07:06:00,34,36.05838999,24.90436783
01/06/2014 07:06:00,35,36.06732317,24.87631802
01/06/2014 07:06:01,17,36.05794593,24.90217311
01/06/2014 07:06:01,35,36.06732062,24.87631463
01/06/2014 07:06:02,17,36.05781702,24.902218
01/06/2014 07:06:02,34,36.05829925,24.90426609
01/06/2014 07:06:02,35,36.0672481,24.87637835
01/06/2014 07:06:03,34,36.05827338,24.90418165
01/06/2014 07:06:04,12,36.06523875,24.898995
01/06/2014 07:06:04,17,36.05777417,24.90213676
01/06/2014 07:06:04,34,36.0581561,24.90414597
01/06/2014 07:06:05,17,36.05772679,24.90206855
01/06/2014 07:06:05,34,36.05821704,24.90421175
01/06/2014 07:06:05,35,36.06714896,24.87634243
01/06/2014 07:06:06,12,36.06509529,24.89893634
01/06/2014 07:06:06,17,36.0576833,24.90211219
01/06/2014 07:06:07,12,36.06504934,24.89895377
01/06/2014 07:06:07,34,36.05809301,24.90412908
01/06/2014 07:06:08,34,36.05805366,24.90407326
01/06/2014 07:06:08,35,36.06700382,24.876376
01/06/2014 07:06:09,12,36.06505847,24.89893158
01/06/2014 07:06:10,17,36.05756339,24.9019088
01/06/2014 07:06:10,34,36.05798821,24.90393943
01/06/2014 07:06:10,35,36.06684756,24.87635632
01/06/2014 07:06:11,17,36.05746858,24.90196682
01/06/2014 07:06:11,34,36.05790495,24.90401427
01/06/2014 07:06:11,35,36.06686154,24.87638981
01/06/2014 07:06:12,12,36.06492303,24.89879487
01/06/2014 07:06:12,34,36.05789205,24.90391286
01/06/2014 07:06:12,35,36.06680654,24.87638394
01/06/2014 07:06:13,17,36.05741304,24.90183573
01/06/2014 07:06:13,34,36.05784445,24.90386801
01/06/2014 07:06:13,35,36.06671156,24.87640691
01/06/2014 07:06:14,34,36.05782674,24.90390798
01/06/2014 07:06:14,35,36.0666467,24.87636898
01/06/2014 07:06:15,35,36.06666166,24.87639477
01/06/2014 07:06:16,34,36.05770344,24.90379059
01/06/2014 07:06:16,35,36.06659497,24.87640394
01/06/2014 07:06:17,12,36.06465229,24.89876162
01/06/2014 07:06:17,34,36.05773775,24.90370309
01/06/2014 07:06:17,35,36.06653442,24.87637746
01/06/2014 07:06:18,12,36.06456114,24.89869732
01/06/2014 07:06:18,35,36.06649449,24.87640283
01/06/2014 07:06:19,35,36.06644791,24.87643675
01/06/2014 07:06:20,12,36.0644756,24.89868629
01/06/2014 07:06:20,35,36.06638172,24.87640715
01/06/2014 07:06:21,12,36.06454493,24.89863689
01/06/2014 07:06:21,34,36.05758757,24.90365714
01/06/2014 07:06:21,35,36.06634615,24.87639196
01/06/2014 07:06:22,12,36.06449013,24.89861439
01/06/2014 07:06:22,17,36.05709228,24.90167425
01/06/2014 07:06:23,12,36.06438571,24.89852443
01/06/2014 07:06:23,17,36.05704189,24.90166329
01/06/2014 07:06:23,35,36.06625443,24.876414
01/06/2014 07:06:24,12,36.06435722,24.89858784
01/06/2014 07:06:24,35,36.06619227,24.87639617
01/06/2014 07:06:25,34,36.05739471,24.9034841
01/06/2014 07:06:25,35,36.06615323,24.87639976
01/06/2014 07:06:26,12,36.06430954,24.89851959
01/06/2014 07:06:26,17,36.05690372,24.90148286
01/06/2014 07:06:26,35,36.0660687,24.87639875
01/06/2014 07:06:27,12,36.06422522,24.89844359
01/06/2014 07:06:27,35,36.06604899,24.87639881
01/06/2014 07:06:28,12,36.06414007,24.89840653
01/06/2014 07:06:28,17,36.05673179,24.90146729
01/06/2014 07:06:28,35,36.06597252,24.87640997
01/06/2014 07:06:29,12,36.06412744,24.89835555
01/06/2014 07:06:29,17,36.05679612,24.90137944
01/06/2014 07:06:29,34,36.05728736,24.90343213
01/06/2014 07:06:31,12,36.06411667,24.89835141
01/06/2014 07:06:31,35,36.06585086,24.87642583
01/06/2014 07:06:32,12,36.06403508,24.89827207
01/06/2014 07:06:32,34,36.05714297,24.90324631
01/06/2014 07:06:34,35,36.06565389,24.87642669
01/06/2014 07:06:35,17,36.05652245,24.90129844
01/06/2014 07:06:35,34,36.05703921,24.90318401
01/06/2014 07:06:35,35,36.06564124,24.87642274
01/06/2014 07:06:36,34,36.05693243,24.90318353
01/06/2014 07:06:37,17,36.05641367,24.90116946
01/06/2014 07:06:38,34,36.05684217,24.90306594
01/06/2014 07:06:38,35,36.06549257,24.8764044
01/06/2014 07:06:39,35,36.0654093,24.87642388
01/06/2014 07:06:40,12,36.06369734,24.8981474
01/06/2014 07:06:42,12,36.0636167,24.89800838
01/06/2014 07:06:42,17,36.05625662,24.90108073
01/06/2014 07:06:42,34,36.05674733,24.90301246
01/06/2014 07:06:42,35,36.06531843,24.87643227
01/06/2014 07:06:43,12,36.06356114,24.89804542
01/06/2014 07:06:43,17,36.05615079,24.90106354
01/06/2014 07:06:44,17,36.05607823,24.90102743
01/06/2014 07:06:44,34,36.05667804,24.90294779
01/06/2014 07:06:45,12,36.06346147,24.89792811
01/06/2014 07:06:45,17,36.05603738,24.90100648
01/06/2014 07:06:45,35,36.06515305,24.87641927
01/06/2014 07:06:46,17,36.0560533,24.90096486
01/06/2014 07:06:46,34,36.05658898,24.90287588
01/06/2014 07:06:46,35,36.06508397,24.87644358
01/06/2014 07:06:47,34,36.05645806,24.90288659
01/06/2014 07:06:47,35,36.06503017,24.87639643
01/06/2014 07:06:48,12,36.06342654,24.89784634
01/06/2014 07:06:48,34,36.05649106,24.90291638
01/06/2014 07:06:49,35,36.06490393,24.87639115
01/06/2014 07:06:50,34,36.05643749,24.90287719
01/06/2014 07:06:50,35,36.06491014,24.87641311
01/06/2014 07:06:51,17,36.05580299,24.9008496
01/06/2014 07:06:52,12,36.06317003,24.89780573
01/06/2014 07:06:52,34,36.05625988,24.90276865
01/06/2014 07:06:53,34,36.05624214,24.90276952
01/06/2014 07:06:54,12,36.06310253,24.8977
01/06/2014 07:06:54,17,36.05565796,24.90070259
01/06/2014 07:06:54,35,36.0646944,24.8764167
01/06/2014 07:06:55,35,36.06460319,24.87643663
01/06/2014 07:06:56,34,36.05612388,24.9027032
01/06/2014 07:06:56,35,36.06458384,24.87640539
01/06/2014 07:06:57,12,36.06298126,24.89757573
01/06/2014 07:06:57,17,36.05564398,24.90071434
01/06/2014 07:06:57,34,36.05606415,24.90271787
01/06/2014 07:44:07,23,36.05641457,24.9011916
01/06/2014 07:44:07,24,36.05513566,24.9003837
01/06/2014 07:44:07,25,36.05675145,24.89287807
01/06/2014 07:44:07,26,36.05101906,24.87957132
01/06/2014 07:44:08,10,36.05440619,24.87616759
01/06/2014 07:44:08,18,36.05730533,24.88239066
01/06/2014 07:44:08,19,36.07806073,24.85976252
01/06/2014 07:44:08,20,36.04816706,24.87957683
01/06/2014 07:44:08,24,36.05509147,24.90033786
01/06/2014 07:44:08,25,36.05672069,24.89282036
01/06/2014 07:44:08,26,36.05097774,24.87958994
01/06/2014 07:44:08,101,36.05042737,24.8354708
01/06/2014 07:44:09,10,36.05435732,24.87618784
01/06/2014 07:44:09,12,36.0632639,24.88593649
01/06/2014 07:44:09,18,36.05730134,24.88241239
01/06/2014 07:44:09,19,36.07804054,24.85977845
01/06/2014 07:44:09,23,36.0563941,24.90118508
01/06/2014 07:44:09,25,36.05671526,24.89283068
01/06/2014 07:44:09,26,36.05091462,24.87958993
01/06/2014 07:44:10,18,36.05720171,24.88244776
01/06/2014 07:44:10,19,36.07802101,24.8598469
01/06/2014 07:44:10,20,36.04806821,24.87956907
01/06/2014 07:44:10,25,36.05664917,24.89280101
01/06/2014 07:44:10,26,36.05088733,24.8795712
01/06/2014 07:44:11,10,36.05429832,24.87616978
01/06/2014 07:44:11,12,36.06312876,24.88590287
01/06/2014 07:44:11,18,36.05717116,24.88245419
01/06/2014 07:44:11,19,36.0780873,24.85989044
01/06/2014 07:44:11,20,36.04805752,24.87957591
01/06/2014 07:44:11,24,36.05503135,24.90021849
01/06/2014 07:44:11,25,36.05655989,24.89273614
01/06/2014 07:44:11,26,36.05083113,24.87956626
01/06/2014 07:44:12,10,36.05424177,24.8761702
01/06/2014 07:44:12,18,36.05714166,24.8824373
01/06/2014 07:44:12,20,36.04802464,24.87957076
01/06/2014 07:44:12,26,36.05078771,24.87957416
01/06/2014 07:44:13,10,36.05418929,24.87619759
01/06/2014 07:44:13,18,36.05709947,24.88247546
01/06/2014 07:44:13,24,36.05490358,24.90026403
01/06/2014 07:44:13,25,36.05651351,24.89266809
01/06/2014 07:44:13,26,36.05071601,24.87957896
01/06/2014 07:44:13,30,36.05823559,24.90161827
01/06/2014 07:44:14,10,36.05411041,24.87619761
01/06/2014 07:44:14,18,36.05702813,24.88246005
01/06/2014 07:44:14,19,36.07806237,24.86000385
01/06/2014 07:44:14,23,36.05609551,24.90100787
01/06/2014 07:44:14,24,36.05491472,24.90016362
01/06/2014 07:44:14,25,36.05644105,24.89266349
01/06/2014 07:44:14,26,36.05067546,24.87957959
01/06/2014 07:44:14,30,36.05823247,24.90173558
01/06/2014 07:44:14,101,36.05037983,24.83488569
01/06/2014 07:44:15,10,36.05406195,24.87619366
01/06/2014 07:44:15,12,36.06294981,24.88588055
01/06/2014 07:44:15,18,36.05699438,24.88245937
01/06/2014 07:44:15,19,36.07805481,24.86005831
01/06/2014 07:44:15,24,36.05483968,24.90020612
01/06/2014 07:44:15,26,36.05061411,24.8795774
01/06/2014 07:44:15,101,36.05038124,24.83477475
01/06/2014 07:44:16,10,36.05404009,24.87618778
01/06/2014 07:44:16,12,36.06287277,24.88589567
01/06/2014 07:44:16,18,36.05695003,24.88246053
01/06/2014 07:44:16,24,36.0548254,24.9001095
01/06/2014 07:44:16,25,36.05641171,24.89260099
01/06/2014 07:44:16,26,36.05056479,24.87958914
01/06/2014 07:44:17,10,36.05396512,24.87618454
01/06/2014 07:44:17,12,36.06285971,24.88587238
01/06/2014 07:44:17,24,36.05476466,24.90012933
01/06/2014 07:44:17,25,36.05637276,24.89260272
01/06/2014 07:44:17,26,36.05053501,24.87956859
01/06/2014 07:44:17,30,36.05828408,24.90186455
01/06/2014 07:44:18,10,36.05391244,24.87620816
01/06/2014 07:44:18,12,36.06279192,24.88591822
01/06/2014 07:44:18,19,36.07802628,24.86020215
01/06/2014 07:44:18,23,36.05593515,24.90091574
01/06/2014 07:44:18,25,36.05635999,24.89254486
01/06/2014 07:44:18,26,36.05048571,24.87958061
01/06/2014 07:44:18,30,36.05822475,24.90192192
01/06/2014 07:44:18,101,36.05038992,24.83448389
01/06/2014 07:44:19,10,36.05386754,24.87617415
01/06/2014 07:44:19,12,36.06274894,24.88591232
01/06/2014 07:44:19,23,36.05590306,24.90084254
01/06/2014 07:44:19,24,36.05462394,24.90000915
01/06/2014 07:44:19,26,36.05043283,24.87956506
01/06/2014 07:44:19,30,36.05823729,24.90194088
01/06/2014 07:44:19,101,36.0504104,24.83439827
01/06/2014 07:44:20,10,36.05384579,24.8762106
01/06/2014 07:44:20,12,36.06264521,24.8858947
01/06/2014 07:44:20,18,36.0567516,24.88248963
01/06/2014 07:44:20,23,36.05589117,24.90092479
01/06/2014 07:44:20,24,36.05460594,24.89998484
01/06/2014 07:44:20,25,36.05627293,24.89243763
01/06/2014 07:44:20,26,36.05038227,24.87957367
01/06/2014 07:44:20,30,36.05823103,24.90197028
01/06/2014 07:44:21,10,36.05378599,24.87619799
01/06/2014 07:44:21,12,36.06260249,24.88587727
01/06/2014 07:44:21,18,36.05667276,24.88247315
01/06/2014 07:44:21,19,36.07803176,24.86038042
01/06/2014 07:44:21,23,36.0559066,24.9008145
01/06/2014 07:44:21,25,36.0561821,24.8924639
01/06/2014 07:44:21,26,36.05032901,24.87957403
01/06/2014 07:44:22,10,36.05374748,24.87623039
01/06/2014 07:44:22,18,36.05663467,24.88251299
01/06/2014 07:44:22,19,36.07806157,24.86045326
01/06/2014 07:44:22,23,36.05578714,24.90080672
01/06/2014 07:44:22,26,36.05026638,24.87957329
01/06/2014 07:44:23,10,36.05366386,24.87625131
01/06/2014 07:44:23,18,36.05657058,24.88248809
01/06/2014 07:44:23,25,36.05615337,24.89234941
01/06/2014 07:44:23,26,36.05022997,24.87957093
01/06/2014 07:44:23,101,36.05035354,24.83390717
01/06/2014 07:44:24,10,36.05365626,24.87625511
01/06/2014 07:44:24,12,36.06248603,24.88576986
01/06/2014 07:44:24,19,36.078074,24.86054826
01/06/2014 07:44:24,23,36.05575457,24.90075077
01/06/2014 07:44:24,25,36.05610504,24.89232483
01/06/2014 07:44:24,26,36.05018192,24.87957921
01/06/2014 07:44:24,30,36.0580871,24.9021678
01/06/2014 07:44:24,101,36.05046049,24.83379144
01/06/2014 07:44:25,10,36.05357097,24.87627818
01/06/2014 07:44:25,12,36.06246711,24.88581813
01/06/2014 07:44:25,18,36.05647319,24.88248753
01/06/2014 07:44:25,19,36.07804896,24.86058652
01/06/2014 07:44:25,23,36.05566356,24.90067419
01/06/2014 07:44:25,24,36.05451152,24.899959
01/06/2014 07:44:25,25,36.056035,24.89229868
01/06/2014 07:44:25,26,36.05012159,24.87957218
01/06/2014 07:44:25,101,36.05043913,24.83372727
01/06/2014 07:44:26,10,36.05354391,24.87626776
01/06/2014 07:44:26,12,36.06243078,24.88575119
01/06/2014 07:44:26,18,36.05642028,24.88248669
01/06/2014 07:44:26,24,36.05446755,24.90004558
01/06/2014 07:44:26,25,36.05599573,24.89224732
01/06/2014 07:44:26,30,36.05805913,24.90225108
01/06/2014 07:44:26,101,36.05040653,24.83367373
01/06/2014 07:44:27,10,36.05350743,24.87631209
01/06/2014 07:44:27,12,36.06233383,24.88571708
01/06/2014 07:44:27,18,36.05637781,24.88250724
01/06/2014 07:44:27,19,36.07806374,24.86070066
01/06/2014 07:44:27,24,36.05441133,24.90012014
01/06/2014 07:44:27,25,36.05597713,24.89220194
01/06/2014 07:44:27,26,36.05001896,24.87958151
01/06/2014 07:44:28,10,36.05343282,24.87631336
01/06/2014 07:44:28,19,36.0780373,24.86069665
01/06/2014 07:44:28,25,36.05596724,24.89223447
01/06/2014 07:44:28,26,36.04996837,24.87957263
01/06/2014 07:44:28,101,36.05050252,24.83348507
01/06/2014 07:44:29,10,36.05337791,24.87632127
01/06/2014 07:44:29,12,36.06225764,24.88568761
01/06/2014 07:44:29,19,36.07807719,24.86079061
01/06/2014 07:44:29,23,36.05553671,24.90066608
01/06/2014 07:44:29,26,36.0499175,24.87958365
01/06/2014 07:44:29,30,36.05797059,24.90225616
01/06/2014 07:44:29,101,36.05049986,24.83337807
01/06/2014 07:44:30,10,36.05333343,24.87633965
01/06/2014 07:44:30,12,36.06216862,24.88574429
01/06/2014 07:44:30,18,36.0562256,24.88247823
01/06/2014 07:44:30,19,36.07805343,24.86084848
01/06/2014 07:44:30,23,36.05552523,24.900606
01/06/2014 07:44:30,24,36.05441767,24.90027813
01/06/2014 07:44:30,26,36.04987704,24.8795778
01/06/2014 07:44:30,30,36.05794441,24.90222585
01/06/2014 07:44:31,10,36.05329843,24.87634545
01/06/2014 07:44:31,12,36.06212337,24.88571136
01/06/2014 07:44:31,18,36.05618751,24.88251138
01/06/2014 07:44:31,19,36.07806928,24.86084947
01/06/2014 07:44:31,23,36.05538966,24.90052578
01/06/2014 07:44:31,24,36.05440454,24.900316
01/06/2014 07:44:31,25,36.05576736,24.89219008
01/06/2014 07:44:31,26,36.0498339,24.87957497
01/06/2014 07:44:32,10,36.05325813,24.87637931
01/06/2014 07:44:32,18,36.05613719,24.88249228
01/06/2014 07:44:32,19,36.07806371,24.86093527
01/06/2014 07:44:32,24,36.05430535,24.90033482
01/06/2014 07:44:32,25,36.05573223,24.89217659
01/06/2014 07:44:32,26,36.04978427,24.87956801
01/06/2014 07:44:32,30,36.05783428,24.90214728
01/06/2014 07:44:33,10,36.05319947,24.8763848
01/06/2014 07:44:33,18,36.0560824,24.8824669
01/06/2014 07:44:33,19,36.07802186,24.8609428
01/06/2014 07:44:33,23,36.05540624,24.90045225
01/06/2014 07:44:33,24,36.05430203,24.90038275
01/06/2014 07:44:33,25,36.05571741,24.8921692
01/06/2014 07:44:33,26,36.04972452,24.87958431
01/06/2014 07:44:33,30,36.05783548,24.90219029
01/06/2014 07:44:34,10,36.05314946,24.8763713
01/06/2014 07:44:34,12,36.0620009,24.88571143
01/06/2014 07:44:34,18,36.05602235,24.88251655
01/06/2014 07:44:34,23,36.05526534,24.90049912
01/06/2014 07:44:35,10,36.05310369,24.87640052
01/06/2014 07:44:35,12,36.0619496,24.88569223
01/06/2014 07:44:35,18,36.05599366,24.88250144
01/06/2014 07:44:35,19,36.07802412,24.86105874
01/06/2014 07:44:35,25,36.05557255,24.89223515
01/06/2014 07:44:35,26,36.04963749,24.87957753
01/06/2014 07:44:35,101,36.05053399,24.83271636
01/06/2014 07:44:36,10,36.0530823,24.87642249
01/06/2014 07:44:36,12,36.06191308,24.88563441
01/06/2014 07:44:36,18,36.05592754,24.88249896
01/06/2014 07:44:36,23,36.05522425,24.90045108
01/06/2014 07:44:36,30,36.05774183,24.90203701
01/06/2014 07:44:36,101,36.0504849,24.83271077
01/06/2014 07:44:37,18,36.05590514,24.88249021
01/06/2014 07:44:37,25,36.0555236,24.89218953
01/06/2014 07:44:37,26,36.04953349,24.87956721
01/06/2014 07:44:37,101,36.05044751,24.83251947
01/06/2014 07:44:38,10,36.05295306,24.87642943
01/06/2014 07:44:38,12,36.06176578,24.88561753
01/06/2014 07:44:38,18,36.05583299,24.88250786
01/06/2014 07:44:38,19,36.07807895,24.86122878
01/06/2014 07:44:38,23,36.05510674,24.90036661
01/06/2014 07:44:38,25,36.05544329,24.8921911
01/06/2014 07:44:38,26,36.04947161,24.87956977
01/06/2014 07:44:38,101,36.05042507,24.83250271
01/06/2014 07:44:39,10,36.05291504,24.87646658
01/06/2014 07:44:39,12,36.06171863,24.88560908
01/06/2014 07:44:39,19,36.07804242,24.86125973
01/06/2014 07:44:39,23,36.05505791,24.90038011
01/06/2014 07:44:39,25,36.05537003,24.89222291
01/06/2014 07:44:39,26,36.04943071,24.87958038
01/06/2014 07:44:40,10,36.05285922,24.87645885
01/06/2014 07:44:40,18,36.05576078,24.88250633
01/06/2014 07:44:40,19,36.07807979,24.86134433
01/06/2014 07:44:40,23,36.05501686,24.90030184
01/06/2014 07:44:40,25,36.05531816,24.89224088
01/06/2014 07:44:40,26,36.04938019,24.87956762
01/06/2014 07:44:40,30,36.0575672,24.90199539
01/06/2014 07:44:41,10,36.05281756,24.87646845
01/06/2014 07:44:41,18,36.05568777,24.88249307
01/06/2014 07:44:41,19,36.0780597,24.86138936
01/06/2014 07:44:41,23,36.05503437,24.90033523
01/06/2014 07:44:41,26,36.04933518,24.87957267
01/06/2014 07:44:41,30,36.05746047,24.90193208
01/06/2014 07:44:42,10,36.05278646,24.87650843
01/06/2014 07:44:42,12,36.06157071,24.8856096
01/06/2014 07:44:42,18,36.0556154,24.88247407
01/06/2014 07:44:42,19,36.07803534,24.86143895
01/06/2014 07:44:42,23,36.05496701,24.90020002
01/06/2014 07:44:42,24,36.05423794,24.90083996
01/06/2014 07:44:42,26,36.04927354,24.87957436
01/06/2014 07:44:42,30,36.05747537,24.90193028
01/06/2014 07:44:43,10,36.05271449,24.87649147
01/06/2014 07:44:43,12,36.06153763,24.88556684
01/06/2014 07:44:43,18,36.05557812,24.88246595
01/06/2014 07:44:43,19,36.07805435,24.86143691
01/06/2014 07:44:43,23,36.05488983,24.90026466
01/06/2014 07:44:43,25,36.05520092,24.89222272
01/06/2014 07:44:43,26,36.04922239,24.8795821
01/06/2014 07:44:43,30,36.05744608,24.90187836
01/06/2014 07:44:43,101,36.05052287,24.83194239
01/06/2014 07:44:44,18,36.05555094,24.88249561
01/06/2014 07:55:05,17,36.04831462,24.87957523
01/06/2014 07:55:05,19,36.06020361,24.8761675
01/06/2014 07:55:05,25,36.0546936,24.88957846
01/06/2014 07:55:05,27,36.05748976,24.88241132
01/06/2014 07:55:06,3,36.07241261,24.86694348
01/06/2014 07:55:06,6,36.05192893,24.87993982
01/06/2014 07:55:06,11,36.07807102,24.86260545
01/06/2014 07:55:06,17,36.04826262,24.87957125
01/06/2014 07:55:06,19,36.06018773,24.87620832
01/06/2014 07:55:06,21,36.05383573,24.90100232
01/06/2014 07:55:06,25,36.05464596,24.88947687
01/06/2014 07:55:06,27,36.05744891,24.88243687
01/06/2014 07:55:07,6,36.05194229,24.87989123
01/06/2014 07:55:07,7,36.06046911,24.87617867
01/06/2014 07:55:07,11,36.07802503,24.8626668
01/06/2014 07:55:07,17,36.0482229,24.8795661
01/06/2014 07:55:07,19,36.06012894,24.87618847
01/06/2014 07:55:07,25,36.05465698,24.88942549
01/06/2014 07:55:08,6,36.05192288,24.87984087
01/06/2014 07:55:08,7,36.06040997,24.87622264
01/06/2014 07:55:08,11,36.07804354,24.86269169
01/06/2014 07:55:08,17,36.04816358,24.87957404
01/06/2014 07:55:08,19,36.06003825,24.87620105
01/06/2014 07:55:08,21,36.05380427,24.90102786
01/06/2014 07:55:08,25,36.05468746,24.88937084
01/06/2014 07:55:09,3,36.07241263,24.86708756
01/06/2014 07:55:09,6,36.05193252,24.87978449
01/06/2014 07:55:09,7,36.06035773,24.87621552
01/06/2014 07:55:09,11,36.07804084,24.86277242
01/06/2014 07:55:09,17,36.04811313,24.87957407
01/06/2014 07:55:09,21,36.05366486,24.90098969
01/06/2014 07:55:09,27,36.05727474,24.88242778
01/06/2014 07:55:10,3,36.0723928,24.86711836
01/06/2014 07:55:10,6,36.05192661,24.87975114
01/06/2014 07:55:10,7,36.06033018,24.87618259
01/06/2014 07:55:10,11,36.07807192,24.86279531
01/06/2014 07:55:10,17,36.04806661,24.87956747
01/06/2014 07:55:10,19,36.05992443,24.8762353
01/06/2014 07:55:10,21,36.05367987,24.90090056
01/06/2014 07:55:10,25,36.05464555,24.88932466
01/06/2014 07:55:11,3,36.07240833,24.86717047
01/06/2014 07:55:11,7,36.06025043,24.8762089
01/06/2014 07:55:11,11,36.07805651,24.86284545
01/06/2014 07:55:11,19,36.05993363,24.8762
01/06/2014 07:55:11,25,36.05464594,24.88921825
01/06/2014 07:55:11,27,36.05717876,24.88244357
01/06/2014 07:55:12,3,36.07239281,24.8672267
01/06/2014 07:55:12,6,36.05194344,24.87964994
01/06/2014 07:55:12,17,36.04802977,24.87957546
01/06/2014 07:55:12,19,36.05988593,24.87621704
01/06/2014 07:55:12,25,36.05464761,24.88922224
01/06/2014 07:55:12,27,36.05711082,24.88242567
01/06/2014 07:55:13,3,36.07238714,24.86728154
01/06/2014 07:55:13,6,36.05194628,24.87958361
01/06/2014 07:55:13,7,36.0601871,24.87619808
01/06/2014 07:55:13,11,36.07804728,24.86294952
01/06/2014 07:55:13,19,36.05979929,24.87617964
01/06/2014 07:55:13,21,36.05352648,24.90078389
01/06/2014 07:55:13,25,36.0546936,24.88912475
01/06/2014 07:55:13,27,36.05709618,24.88246288
01/06/2014 07:55:14,3,36.07237517,24.86731958
01/06/2014 07:55:14,6,36.05188647,24.87957053
01/06/2014 07:55:14,7,36.06010879,24.87620002
01/06/2014 07:55:14,19,36.05974959,24.87617282
01/06/2014 07:55:15,3,36.07238781,24.86737661
01/06/2014 07:55:15,6,36.05184863,24.87959371
01/06/2014 07:55:15,19,36.05971352,24.87623223
01/06/2014 07:55:16,3,36.0723701,24.86743028
01/06/2014 07:55:16,7,36.06000767,24.87620766
01/06/2014 07:55:16,21,36.05346188,24.90076002
01/06/2014 07:55:16,25,36.05466424,24.88898078
01/06/2014 07:55:16,27,36.05690481,24.88244754
01/06/2014 07:55:17,3,36.07237191,24.86746877
01/06/2014 07:55:17,11,36.07803741,24.86313897
01/06/2014 07:55:17,19,36.05960044,24.87623146
01/06/2014 07:55:17,21,36.05334932,24.90068659
01/06/2014 07:55:17,25,36.05469121,24.88893833
01/06/2014 07:55:17,27,36.05685998,24.88249269
01/06/2014 07:55:18,6,36.05169701,24.87956595
01/06/2014 07:55:18,19,36.05954004,24.87618984
01/06/2014 07:55:18,21,36.05338806,24.90067756
01/06/2014 07:55:18,27,36.05682264,24.88249469
01/06/2014 07:55:19,3,36.07236987,24.86757778
01/06/2014 07:55:19,6,36.05163887,24.879583
01/06/2014 07:55:19,7,36.05985748,24.87622354
01/06/2014 07:55:19,11,36.07806701,24.86326535
01/06/2014 07:55:19,19,36.05949911,24.87622151
01/06/2014 07:55:19,21,36.05333664,24.90067665
01/06/2014 07:55:19,25,36.0546537,24.88886944
01/06/2014 07:55:19,27,36.05680532,24.88250305
01/06/2014 07:55:20,3,36.07236133,24.86763496
01/06/2014 07:55:20,6,36.05159143,24.87959028
01/06/2014 07:55:20,7,36.05979896,24.87618344
01/06/2014 07:55:20,11,36.07803637,24.86329207
01/06/2014 07:55:20,19,36.05942576,24.87618867
01/06/2014 07:55:20,27,36.05672353,24.88246062
01/06/2014 07:55:21,3,36.0723497,24.86768524
01/06/2014 07:55:21,6,36.05154257,24.87956917
01/06/2014 07:55:21,7,36.05980291,24.8762304
01/06/2014 07:55:21,11,36.07802108,24.86336828
01/06/2014 07:55:21,19,36.05938298,24.87622816
01/06/2014 07:55:21,21,36.05325724,24.90057114
01/06/2014 07:55:22,6,36.05149905,24.87958356
01/06/2014 07:55:22,11,36.0780514,24.86341442
01/06/2014 07:55:22,27,36.05660829,24.88251414
01/06/2014 07:55:23,3,36.07235654,24.86776914
01/06/2014 07:55:23,6,36.05145629,24.87956671
01/06/2014 07:55:23,7,36.05968855,24.8761921
01/06/2014 07:55:23,19,36.05933695,24.87616496
01/06/2014 07:55:23,21,36.05319548,24.9005219
01/06/2014 07:55:23,25,36.05464635,24.88861955
01/06/2014 07:55:24,3,36.07234287,24.86781839
01/06/2014 07:55:24,6,36.05141071,24.87957014
01/06/2014 07:55:24,7,36.05960821,24.87619354
01/06/2014 07:55:24,19,36.05925848,24.87620193
01/06/2014 07:55:24,25,36.05466966,24.88861332
01/06/2014 07:55:25,3,36.07234245,24.86788116
01/06/2014 07:55:25,6,36.05134175,24.87959345
01/06/2014 07:55:25,7,36.05957282,24.87622921
01/06/2014 07:55:25,11,36.07803344,24.86357954
01/06/2014 07:55:25,19,36.0591923,24.87617832
01/06/2014 07:55:25,25,36.05466042,24.88853148
01/06/2014 07:55:25,27,36.05649471,24.88249094
01/06/2014 07:55:26,6,36.05130389,24.87958176
01/06/2014 07:55:26,7,36.05954505,24.87622394
01/06/2014 07:55:26,11,36.0780569,24.86358023
01/06/2014 07:55:26,19,36.05917567,24.87620412
01/06/2014 07:55:26,27,36.05644032,24.882496
01/06/2014 07:55:27,3,36.07235038,24.8679633
01/06/2014 07:55:27,6,36.05125748,24.87957414
01/06/2014 07:55:27,7,36.05950263,24.87616885
01/06/2014 07:55:27,11,36.07806216,24.86367552
01/06/2014 07:55:27,25,36.054643,24.88846583
01/06/2014 07:55:27,27,36.05637026,24.88250309
01/06/2014 07:55:28,3,36.0723374,24.86802561
01/06/2014 07:55:28,6,36.05121014,24.87958792
01/06/2014 07:55:28,11,36.07803402,24.86368854
01/06/2014 07:55:28,19,36.05905258,24.87620466
01/06/2014 07:55:28,21,36.05289518,24.90042914
01/06/2014 07:55:29,3,36.07233847,24.86806124
01/06/2014 07:55:29,6,36.05113847,24.87958506
01/06/2014 07:55:29,7,36.0593791,24.87616795
01/06/2014 07:55:29,11,36.07800889,24.8637202
01/06/2014 07:55:29,27,36.0562728,24.88248229
01/06/2014 07:55:30,3,36.07229682,24.86806973
01/06/2014 07:55:30,6,36.05108348,24.87958908
01/06/2014 07:55:30,7,36.05930698,24.87621951
01/06/2014 07:55:30,11,36.07791622,24.86374456
01/06/2014 07:55:30,25,36.05463703,24.88832193
01/06/2014 07:55:30,27,36.05623927,24.88249079
01/06/2014 07:55:31,3,36.07223331,24.86808647
01/06/2014 07:55:31,6,36.05104031,24.87958218
01/06/2014 07:55:31,7,36.05927451,24.87620682
01/06/2014 07:55:31,11,36.07787051,24.86375721
01/06/2014 07:55:31,19,36.05887542,24.8761656
01/06/2014 07:55:31,21,36.05279938,24.9003337
01/06/2014 07:55:31,27,36.05616455,24.88248357
01/06/2014 07:55:32,3,36.07219759,24.86809815
01/06/2014 07:55:32,6,36.05099817,24.87957764
01/06/2014 07:55:32,7,36.05918819,24.8762303
01/06/2014 07:55:32,11,36.07786201,24.86377209
01/06/2014 07:55:32,19,36.05888104,24.87622546
01/06/2014 07:55:32,25,36.0547021,24.88820641
01/06/2014 07:55:32,27,36.05612505,24.88246549
01/06/2014 07:55:33,6,36.05093241,24.87957071
01/06/2014 07:55:33,7,36.05919828,24.87623239
01/06/2014 07:55:33,11,36.07781194,24.86380859
01/06/2014 07:55:33,19,36.05882605,24.87617858
01/06/2014 07:55:33,25,36.05464105,24.88818817
01/06/2014 07:55:34,3,36.07209527,24.86811144
01/06/2014 07:55:34,6,36.0509049,24.87958382
01/06/2014 07:55:34,7,36.05909248,24.87618242
01/06/2014 07:55:34,11,36.07777526,24.86379849
01/06/2014 07:55:34,19,36.05873562,24.87619536
01/06/2014 07:55:34,21,36.05266346,24.90030147
01/06/2014 07:55:34,27,36.05601708,24.88250628
01/06/2014 07:55:35,3,36.07204747,24.86811831
01/06/2014 07:55:35,6,36.05084276,24.87956892
01/06/2014 07:55:35,11,36.07769031,24.8638416
01/06/2014 07:55:35,21,36.05259625,24.90025211
01/06/2014 07:55:35,25,36.05466303,24.88806912
01/06/2014 07:55:35,27,36.05596522,24.88247614
01/06/2014 07:55:36,3,36.07198644,24.86813034
01/06/2014 07:55:36,6,36.05080362,24.87957034
01/06/2014 07:55:36,7,36.05905761,24.87623203
01/06/2014 07:55:36,11,36.07764152,24.8638609
01/06/2014 07:55:36,19,36.05865811,24.87617512
01/06/2014 07:55:36,25,36.05464467,24.88802888
01/06/2014 07:55:36,27,36.05595507,24.8824689
01/06/2014 07:55:37,11,36.07759436,24.86388038
01/06/2014 07:55:37,19,36.05857791,24.87621816
01/06/2014 07:55:37,25,36.0547026,24.88792654
01/06/2014 07:55:37,27,36.05589354,24.88247178
01/06/2014 07:55:38,3,36.07189487,24.86812544
01/06/2014 07:55:38,6,36.05069318,24.87958582
01/06/2014 07:55:38,7,36.05892817,24.87623007
01/06/2014 07:55:38,19,36.0585783,24.8762048
01/06/2014 07:55:38,21,36.05250492,24.90026521
01/06/2014 07:55:38,25,36.05465489,24.88788462
01/06/2014 07:55:38,27,36.05581526,24.88248576
01/06/2014 07:55:39,3,36.07185243,24.86812663
01/06/2014 07:55:39,6,36.05063344,24.87957912
01/06/2014 07:55:39,7,36.05888885,24.87619769
01/06/2014 07:55:39,19,36.05848652,24.87620316
01/06/2014 07:55:39,21,36.05247266,24.90016632
01/06/2014 07:55:40,3,36.07178256,24.86814904
01/06/2014 07:55:40,6,36.05058347,24.87957042
01/06/2014 07:55:40,11,36.07749841,24.86392965
01/06/2014 07:55:40,27,36.05574887,24.88247316
01/06/2014 07:55:41,3,36.07175231,24.86814403
01/06/2014 07:55:41,6,36.05055135,24.87957992
01/06/2014 07:55:41,7,36.05874923,24.87619595
01/06/2014 07:55:41,11,36.0774091,24.86391968
01/06/2014 07:55:41,19,36.05841204,24.87616786
01/06/2014 07:55:41,21,36.05235621,24.90015683
01/06/2014 07:55:41,25,36.05466601,24.88774142
01/06/2014 07:55:42,3,36.07170495,24.8681486
01/06/2014 07:55:42,6,36.05049026,24.87957263
01/06/2014 07:55:42,7,36.05872229,24.8761791
01/06/2014 07:55:42,11,36.07739606,24.86396336
01/06/2014 07:55:42,19,36.05836317,24.8761624
01/06/2014 07:55:43,3,36.07164261,24.86816217
01/06/2014 07:55:43,6,36.05045441,24.87957896
01/06/2014 07:55:43,7,36.05869027,24.87621703
01/06/2014 07:55:43,11,36.07734088,24.86397161
01/06/2014 07:55:43,19,36.05827956,24.87621366
01/06/2014 07:55:43,21,36.05230637,24.90010687
01/06/2014 07:55:43,27,36.0555997,24.88251117
01/06/2014 07:55:44,3,36.07160421,24.86816117
01/06/2014 07:55:44,6,36.05040299,24.87956941
01/06/2014 07:55:44,7,36.0586227,24.87620256
01/06/2014 07:55:44,11,36.07730764,24.8639878
01/06/2014 07:55:44,19,36.05827237,24.8761976
01/06/2014 07:55:44,21,36.05227096,24.9000177
01/06/2014 07:55:44,25,36.05465774,24.88758455
01/06/2014 07:55:44,27,36.05554977,24.88250478
01/06/2014 07:55:45,3,36.0715563,24.86817102
01/06/2014 07:55:45,6,36.05034845,24.87958376
01/06/2014 07:55:45,7,36.0585816,24.87622438
01/06/2014 07:55:45,11,36.07725327,24.86400156
01/06/2014 07:55:45,21,36.0521687,24.89990044
01/06/2014 07:55:45,25,36.05464468,24.88753725
01/06/2014 07:55:46,3,36.07150869,24.86816569
01/06/2014 07:55:46,6,36.05029511,24.87958424
01/06/2014 07:55:46,7,36.05851767,24.87622547
01/06/2014 07:55:46,11,36.07720469,24.86400395
01/06/2014 07:55:46,21,36.0521801,24.89987168
01/06/2014 07:55:46,27,36.05545565,24.88250311
01/06/2014 07:55:47,7,36.05845245,24.87617737
01/06/2014 07:55:47,11,36.07712799,24.86402429
01/06/2014 07:55:47,19,36.05809062,24.8761592
01/06/2014 07:55:47,27,36.05540965,24.88247084
01/06/2014 07:55:48,3,36.07139567,24.86816873
01/06/2014 07:55:48,6,36.05019898,24.87956751
01/06/2014 07:55:48,7,36.05839848,24.87618351
01/06/2014 07:55:48,11,36.07711324,24.8640675
01/06/2014 07:55:48,25,36.05469194,24.88741835
01/06/2014 07:55:49,3,36.0713342,24.86816559
01/06/2014 07:55:49,6,36.05014286,24.87957495
01/06/2014 07:55:49,11,36.07707231,24.86408559
01/06/2014 07:55:49,19,36.05798843,24.87620368
01/06/2014 07:55:49,21,36.05195028,24.89955045
01/06/2014 07:55:49,25,36.05464746,24.88735678
01/06/2014 07:55:49,27,36.05530108,24.88249038
01/06/2014 07:55:50,3,36.07129323,24.86816797
01/06/2014 07:55:50,6,36.0500976,24.87956724
01/06/2014 07:55:50,7,36.058298,24.87621249
01/06/2014 07:55:50,19,36.05796028,24.87621937
01/06/2014 07:55:50,21,36.05189986,24.89952164
01/06/2014 07:55:50,25,36.054651,24.88729095
01/06/2014 07:55:50,27,36.05522788,24.8824875
01/06/2014 07:55:51,3,36.07125737,24.86817399
01/06/2014 07:55:51,6,36.05003573,24.87957323
01/06/2014 07:55:51,7,36.05829843,24.87619209
01/06/2014 07:55:51,11,36.07697985,24.86413798
01/06/2014 07:55:51,19,36.05789456,24.8762082
01/06/2014 07:55:51,21,36.05190089,24.89943607
01/06/2014 07:55:51,25,36.05463659,24.8872685
01/06/2014 07:55:52,3,36.07119284,24.86816706
01/06/2014 07:55:52,7,36.05822688,24.87616662
01/06/2014 07:55:52,11,36.07695565,24.86418193
01/06/2014 07:55:52,19,36.05785034,24.87619815
01/06/2014 07:55:52,25,36.05465621,24.88717686
01/06/2014 07:55:52,27,36.05515804,24.88248188
01/06/2014 07:55:53,3,36.07115713,24.86817454
01/06/2014 07:55:53,6,36.04994957,24.87957851
01/06/2014 07:55:53,7,36.05814425,24.87619127
01/06/2014 07:55:53,19,36.05782552,24.87619238
01/06/2014 07:55:53,21,36.05183841,24.89918218
01/06/2014 07:55:53,25,36.05466234,24.88712974
01/06/2014 07:55:54,3,36.07110875,24.86818976
01/06/2014 07:55:54,6,36.04990444,24.87958163
01/06/2014 07:55:54,7,36.05811906,24.87620821
01/06/2014 07:55:54,11,36.07688833,24.86423327
01/06/2014 07:55:54,19,36.05772856,24.87617696
01/06/2014 07:55:54,25,36.05466314,24.88713111
01/06/2014 07:55:54,27,36.0550276,24.88250705
01/06/2014 07:55:55,3,36.07105934,24.86816646
01/06/2014 07:55:55,6,36.04984175,24.8795735
01/06/2014 07:55:55,11,36.07685726,24.86430388
01/06/2014 07:55:55,19,36.05771951,24.87617427
01/06/2014 07:55:55,21,36.05173046,24.89899909
01/06/2014 07:55:55,25,36.05463838,24.8870323
01/06/2014 07:55:55,27,36.05500532,24.88250722
01/06/2014 07:55:56,3,36.07099323,24.86819006
01/06/2014 07:55:56,6,36.04979442,24.87957266
01/06/2014 07:55:56,21,36.05165449,24.8989471
01/06/2014 07:55:56,25,36.05465735,24.88699277
01/06/2014 07:55:56,27,36.0549373,24.88248968
01/06/2014 07:55:57,6,36.04974855,24.87958105
01/06/2014 07:55:57,7,36.05799039,24.8761869
01/06/2014 07:55:57,11,36.07678065,24.8643408
01/06/2014 07:55:57,19,36.05759366,24.8761808
01/06/2014 07:55:57,25,36.05466183,24.88692646
01/06/2014 07:55:57,27,36.05489198,24.88247475
01/06/2014 07:55:58,3,36.07089177,24.86817891
01/06/2014 07:55:58,6,36.04970574,24.87957393
01/06/2014 07:55:58,7,36.05794546,24.87619257
01/06/2014 07:55:58,11,36.07674011,24.86441169
01/06/2014 07:55:58,25,36.05462722,24.8868908
01/06/2014 07:55:58,27,36.05483248,24.88250509
01/06/2014 07:55:59,3,36.07085463,24.86817598
01/06/2014 07:55:59,6,36.04964042,24.87957254
01/06/2014 07:55:59,11,36.07671499,24.86442894
01/06/2014 07:55:59,19,36.05751036,24.8761973
01/06/2014 07:55:59,21,36.05156111,24.89866939
01/06/2014 07:55:59,25,36.05463504,24.88687091
01/06/2014 07:56:00,6,36.0496042,24.87958673
01/06/2014 07:56:00,7,36.05785462,24.87616692
01/06/2014 07:56:00,11,36.07668871,24.86450358
01/06/2014 07:56:00,21,36.05151839,24.89857535
01/06/2014 07:56:00,25,36.05463225,24.88678982
01/06/2014 07:56:00,27,36.0547366,24.88249889
01/06/2014 07:56:01,6,36.04955289,24.87957647
01/06/2014 07:56:01,11,36.076684,24.86452094
01/06/2014 07:56:01,19,36.05740354,24.87620178
01/06/2014 07:56:01,23,36.05402735,24.90117529
01/06/2014 07:56:01,25,36.05460541,24.88677394
01/06/2014 07:56:01,27,36.05467995,24.88246685
01/06/2014 07:56:02,3,36.07069887,24.8681791
01/06/2014 07:56:02,6,36.0494912,24.87956938
01/06/2014 07:56:02,7,36.05775098,24.87617141
01/06/2014 07:56:02,11,36.07665213,24.86456231
01/06/2014 07:56:02,21,36.05146272,24.89842424
01/06/2014 07:56:02,25,36.05457645,24.88678653
01/06/2014 07:56:02,27,36.05461692,24.88248694
01/06/2014 07:56:03,3,36.07065375,24.86818454
01/06/2014 07:56:03,6,36.04945262,24.8795687
01/06/2014 07:56:03,7,36.05769292,24.87617042
01/06/2014 07:56:03,11,36.07664778,24.86463077
01/06/2014 07:56:03,21,36.05142092,24.89836026
01/06/2014 07:56:03,23,36.05397041,24.90115635
01/06/2014 07:56:03,27,36.0545711,24.88248953
01/06/2014 07:56:04,3,36.07059043,24.86818624
01/06/2014 07:56:04,6,36.04939782,24.87957161
01/06/2014 07:56:04,7,36.05760721,24.87618035
01/06/2014 07:56:04,11,36.07662691,24.8646532
01/06/2014 07:56:04,19,36.05722968,24.87618503
01/06/2014 07:56:04,25,36.05448711,24.88678751
01/06/2014 07:56:04,27,36.05454469,24.88247378
01/06/2014 07:56:05,3,36.07054545,24.86817468
01/06/2014 07:56:05,6,36.04934746,24.8795672
01/06/2014 07:56:05,11,36.07661765,24.86472583
01/06/2014 07:56:05,19,36.0571808,24.87618704
01/06/2014 07:56:05,21,36.05124085,24.89808641
01/06/2014 07:56:05,23,36.05384481,24.90109083
01/06/2014 07:56:05,27,36.05448152,24.88246524
01/06/2014 07:56:06,3,36.07053839,24.86821358
01/06/2014 07:56:06,6,36.04929162,24.87957431
01/06/2014 07:56:06,7,36.05754407,24.87619221
01/06/2014 07:56:06,11,36.07656029,24.86475139
01/06/2014 07:56:06,25,36.05435454,24.88681357
01/06/2014 07:56:06,27,36.05443636,24.88250703
01/06/2014 07:56:07,3,36.07052113,24.86826503
01/06/2014 07:56:07,6,36.04925109,24.87957434
01/06/2014 07:56:07,7,36.05748795,24.87619618
01/06/2014 07:56:07,11,36.07656267,24.86482319
01/06/2014 07:56:07,19,36.05708948,24.87621181
01/06/2014 07:56:07,21,36.05119418,24.8979478
01/06/2014 07:56:07,25,36.05432884,24.8867944
01/06/2014 07:56:07,27,36.05438602,24.88250172
01/06/2014 07:56:07,29,36.05466235,24.88982648
01/06/2014 07:56:07,29,36.05469336,24.88971938
01/06/2014 07:56:08,3,36.07050738,24.86829468
01/06/2014 07:56:08,6,36.04919609,24.87956849
01/06/2014 07:56:08,7,36.05741921,24.87615504
01/06/2014 07:56:08,11,36.07654795,24.86486259
01/06/2014 07:56:08,19,36.05707013,24.87615865
01/06/2014 07:56:08,21,36.05114688,24.89786781
01/06/2014 07:56:08,25,36.05423801,24.88681739
01/06/2014 07:56:08,27,36.05432666,24.88247207
01/06/2014 07:56:08,29,36.05468917,24.88970184
01/06/2014 07:56:09,3,36.07047998,24.86835922
01/06/2014 07:56:09,6,36.0491449,24.879575
01/06/2014 07:56:09,7,36.05734886,24.87615925
01/06/2014 07:56:09,11,36.07653994,24.86491587
01/06/2014 07:56:09,19,36.0570122,24.87618914
01/06/2014 07:56:09,27,36.05428592,24.88249341
01/06/2014 07:56:09,29,36.05467427,24.88964258
01/06/2014 07:56:10,3,36.07049419,24.86840395
01/06/2014 07:56:10,6,36.04909288,24.8795792
01/06/2014 07:56:10,7,36.05730529,24.87617497
01/06/2014 07:56:10,29,36.05469612,24.88960765
01/06/2014 07:56:11,6,36.04903781,24.87957238
01/06/2014 07:56:11,7,36.05724647,24.87616549
01/06/2014 07:56:11,11,36.07649977,24.86496898
01/06/2014 07:56:11,19,36.05691845,24.87619246
01/06/2014 07:56:11,23,36.0535989,24.90085035
01/06/2014 07:56:11,25,36.05408398,24.88677595
01/06/2014 07:56:11,27,36.05418234,24.88248835
01/06/2014 07:56:12,3,36.07044491,24.86850047
01/06/2014 07:56:12,6,36.04900357,24.87956897
01/06/2014 07:56:12,7,36.05722105,24.8761601
01/06/2014 07:56:12,21,36.05098182,24.8975498
01/06/2014 07:56:12,23,36.05361878,24.90082116
01/06/2014 07:56:12,25,36.05404311,24.88680316
01/06/2014 07:56:12,27,36.05416041,24.88247865
01/06/2014 07:56:12,29,36.05467496,24.8894995
01/06/2014 07:56:13,6,36.04895173,24.87958057
01/06/2014 07:56:13,7,36.05715445,24.87616907
01/06/2014 07:56:13,11,36.07643755,24.86509891
01/06/2014 07:56:13,19,36.05681592,24.87621502
01/06/2014 07:56:13,21,36.0509186,24.89742678
01/06/2014 07:56:13,29,36.05466784,24.88942612
01/06/2014 07:56:14,3,36.07041898,24.8685936
01/06/2014 07:56:14,6,36.04890035,24.87956852
01/06/2014 07:56:14,7,36.05710137,24.87619566
01/06/2014 07:56:14,23,36.05356643,24.90080853
01/06/2014 07:56:14,25,36.05398492,24.8867704
01/06/2014 07:56:14,27,36.05401987,24.88247956
01/06/2014 07:56:15,3,36.07036252,24.86859119
01/06/2014 07:56:15,6,36.0488492,24.87957845
01/06/2014 07:56:15,7,36.05705852,24.8761699
01/06/2014 07:56:15,11,36.07639827,24.86516051
01/06/2014 07:56:15,19,36.05670525,24.87620957
01/06/2014 07:56:15,23,36.05349689,24.90075077
01/06/2014 07:56:15,25,36.05393291,24.88681116
01/06/2014 07:56:15,27,36.05400222,24.88246717
01/06/2014 07:56:15,29,36.05466421,24.88931681
01/06/2014 07:56:16,3,36.07030992,24.86856739
01/06/2014 07:56:16,6,36.04879358,24.87957575
01/06/2014 07:56:16,7,36.05704689,24.87618531
01/06/2014 07:56:16,11,36.07637635,24.86521417
01/06/2014 07:56:16,23,36.05342028,24.90071963
01/06/2014 07:56:16,27,36.05395419,24.88249765
01/06/2014 07:56:16,29,36.05468266,24.88930065
01/06/2014 07:56:17,6,36.04875161,24.87957084
01/06/2014 07:56:17,11,36.07635879,24.86525419
01/06/2014 07:56:17,21,36.05082033,24.89701282
01/06/2014 07:56:17,23,36.05345317,24.90074217
01/06/2014 07:56:17,25,36.05382979,24.88678423
01/06/2014 07:56:17,27,36.05389129,24.88247469
01/06/2014 07:56:17,29,36.05463489,24.88926123
01/06/2014 07:56:18,3,36.07022023,24.86856818
01/06/2014 07:56:18,6,36.04869621,24.87956949
01/06/2014 07:56:18,7,36.05690483,24.87617135
01/06/2014 07:56:18,21,36.05073864,24.89697067
01/06/2014 07:56:18,23,36.05340517,24.90069462
01/06/2014 07:56:18,25,36.05374021,24.88676282
01/06/2014 07:56:18,27,36.0538263,24.88247307
01/06/2014 07:56:18,29,36.05467919,24.88920568
01/06/2014 07:56:19,3,36.07015559,24.86858556
01/06/2014 07:56:19,6,36.04864636,24.87957143
01/06/2014 07:56:19,7,36.05684667,24.87616912
01/06/2014 07:56:19,11,36.07633446,24.86534291
01/06/2014 07:56:19,19,36.0564955,24.87617105
01/06/2014 07:56:19,23,36.05328094,24.90064149
01/06/2014 07:56:19,25,36.05369476,24.88680389
01/06/2014 07:56:19,27,36.05380278,24.88248294
01/06/2014 07:56:20,3,36.07010489,24.86859599
01/06/2014 07:56:20,6,36.04859259,24.87956675
01/06/2014 07:56:20,7,36.056828,24.8761791
01/06/2014 07:56:20,21,36.05065052,24.8967568
01/06/2014 07:56:20,23,36.05327996,24.90061043
01/06/2014 07:56:20,25,36.05368133,24.88678833
01/06/2014 07:56:20,27,36.05373276,24.88247132
01/06/2014 07:56:20,29,36.05469165,24.88913701
01/06/2014 07:56:21,3,36.07005157,24.86857994
01/06/2014 07:56:21,6,36.04854258,24.87957426
01/06/2014 07:56:21,11,36.07630029,24.86546139
01/06/2014 07:56:21,19,36.05641394,24.87620388
01/06/2014 07:56:21,27,36.05367735,24.88249794
01/06/2014 07:56:21,29,36.05468142,24.88902637
01/06/2014 07:56:22,6,36.04849613,24.87956682
01/06/2014 07:56:22,7,36.05673022,24.87620241
01/06/2014 07:56:22,11,36.07626228,24.86547199
01/06/2014 07:56:22,19,36.05633765,24.87621694
01/06/2014 07:56:22,21,36.05059614,24.89653628
01/06/2014 07:56:22,25,36.0535809,24.88681718
01/06/2014 07:56:22,27,36.05362272,24.88248642
01/06/2014 07:56:22,29,36.05464196,24.88901377
01/06/2014 07:56:23,6,36.04844468,24.87956607
01/06/2014 07:56:23,7,36.05669058,24.87620416
01/06/2014 07:56:23,11,36.07623074,24.8655454
01/06/2014 07:56:23,19,36.05632053,24.87618103
01/06/2014 07:56:23,25,36.05351738,24.88680431
01/06/2014 07:56:23,27,36.05359942,24.88248044
01/06/2014 07:56:24,3,36.06991444,24.86857593
01/06/2014 07:56:24,6,36.04839998,24.87957645
01/06/2014 07:56:24,7,36.05661071,24.87618642
01/06/2014 07:56:24,11,36.07620634,24.86558592
01/06/2014 07:56:24,19,36.05628024,24.87618205
01/06/2014 07:56:24,21,36.05049953,24.89642082
01/06/2014 07:56:24,25,36.0534704,24.88678897
01/06/2014 07:56:24,27,36.05355667,24.88250116
01/06/2014 07:56:25,3,36.06987198,24.86858728
01/06/2014 07:56:25,6,36.04834237,24.87957164
01/06/2014 07:56:25,11,36.07621763,24.86563862
01/06/2014 07:56:25,19,36.05620405,24.87619653
01/06/2014 07:56:25,21,36.05044244,24.89626836
01/06/2014 07:56:25,23,36.05309284,24.90048285
01/06/2014 07:56:25,27,36.05348809,24.88246821
01/06/2014 07:56:25,29,36.05468722,24.88882304
01/06/2014 07:56:26,3,36.0698134,24.86857341
01/06/2014 07:56:26,6,36.04829823,24.87957065
01/06/2014 07:56:26,11,36.07620039,24.86565613
01/06/2014 07:56:26,19,36.05615493,24.87617876
01/06/2014 07:56:26,21,36.0504582,24.89616496
01/06/2014 07:56:26,25,36.05334465,24.88679553
01/06/2014 07:56:26,29,36.05468043,24.88882145
01/06/2014 07:56:27,3,36.06978278,24.86859212
01/06/2014 07:56:27,6,36.04824711,24.87956913
01/06/2014 07:56:27,7,36.05647222,24.87620594
01/06/2014 07:56:27,11,36.07615701,24.86570457
01/06/2014 07:56:27,19,36.05609733,24.8761906
01/06/2014 07:56:27,21,36.0504565,24.89612855
01/06/2014 07:56:27,25,36.05333096,24.88678218
01/06/2014 07:56:27,27,36.05340126,24.88249311
01/06/2014 07:56:27,29,36.05464203,24.88875771
01/06/2014 07:56:28,3,36.06971121,24.86856442
01/06/2014 07:56:28,6,36.04819605,24.87956936
01/06/2014 07:56:28,7,36.05642641,24.87620026
01/06/2014 07:56:28,11,36.07613873,24.86575916
01/06/2014 07:56:28,19,36.05608075,24.87619247
01/06/2014 07:56:28,23,36.05293674,24.90039725
01/06/2014 07:56:28,25,36.05326717,24.8868112
01/06/2014 07:56:28,27,36.05333902,24.88248382
01/06/2014 07:56:29,6,36.04815174,24.8795734
01/06/2014 07:56:29,7,36.0563487,24.87616527
01/06/2014 07:56:29,11,36.07610857,24.86576738
01/06/2014 07:56:29,19,36.0559978,24.87621337
01/06/2014 07:56:29,21,36.05039694,24.89593654
01/06/2014 07:56:29,23,36.05292723,24.90045026
01/06/2014 07:56:29,27,36.05328499,24.88247322
01/06/2014 07:56:29,29,36.05469036,24.88863679
01/06/2014 07:56:30,3,36.0696492,24.86861442
01/06/2014 07:56:30,6,36.04810074,24.87957401
01/06/2014 07:56:30,7,36.05629968,24.87619779
01/06/2014 07:56:30,11,36.07607191,24.86578332
01/06/2014 07:56:30,19,36.05594399,24.87620703
01/06/2014 07:56:30,27,36.05323963,24.88247255
01/06/2014 07:56:30,29,36.05465817,24.88859526
01/06/2014 07:56:31,6,36.04804982,24.87957578
01/06/2014 07:56:31,11,36.07600749,24.86577941
01/06/2014 07:56:31,19,36.0558994,24.87616212
01/06/2014 07:56:31,25,36.05311859,24.8867722
01/06/2014 07:56:31,27,36.05319355,24.88250279
01/06/2014 07:56:32,6,36.04804167,24.8795697
01/06/2014 07:56:32,7,36.05620075,24.87620449
01/06/2014 07:56:32,11,36.07596847,24.86578887
01/06/2014 07:56:32,19,36.05588705,24.87620884
01/06/2014 07:56:32,21,36.05040384,24.89566749
01/06/2014 07:56:32,23,36.05278169,24.90034156
01/06/2014 07:56:32,27,36.05315592,24.88249351
01/06/2014 07:56:33,3,36.06962087,24.86873514
01/06/2014 07:56:33,6,36.04802575,24.87956991
01/06/2014 07:56:33,7,36.05616174,24.87616766
01/06/2014 07:56:33,11,36.07592126,24.86577858
01/06/2014 07:56:33,21,36.05036207,24.89551602
01/06/2014 07:56:33,23,36.05266536,24.90033001
01/06/2014 07:56:33,25,36.05299063,24.88679069
01/06/2014 07:56:33,27,36.05308181,24.88247214
01/06/2014 07:56:33,29,36.05468497,24.88844033
01/06/2014 07:56:34,3,36.06964478,24.86879325
01/06/2014 07:56:34,7,36.05614147,24.87617566
01/06/2014 07:56:34,11,36.07585062,24.86577038
01/06/2014 07:56:34,21,36.05032494,24.89541358
01/06/2014 07:56:34,27,36.05305049,24.88249666
01/06/2014 07:56:34,29,36.05466093,24.88840588
01/06/2014 07:56:35,3,36.06962916,24.86886438
01/06/2014 07:56:35,7,36.05607263,24.87618141
01/06/2014 07:56:35,11,36.07581808,24.8657653
01/06/2014 07:56:35,23,36.0526568,24.90028549
01/06/2014 07:56:35,25,36.05291615,24.8867714
01/06/2014 07:56:35,27,36.0529879,24.88248912
01/06/2014 07:56:36,3,36.06964827,24.86891201
01/06/2014 07:56:36,7,36.05603176,24.87616396
01/06/2014 07:56:36,11,36.07574618,24.86577059
01/06/2014 07:56:36,19,36.05566806,24.87617862
01/06/2014 07:56:36,27,36.05295008,24.88248655
01/06/2014 07:56:36,29,36.05467927,24.88831513
01/06/2014 07:56:37,7,36.05599949,24.87616629
01/06/2014 07:56:37,11,36.07569838,24.86577988
01/06/2014 07:56:37,19,36.05561198,24.87618993
01/06/2014 07:56:37,21,36.05033391,24.89510467
01/06/2014 07:56:37,25,36.05282017,24.8867273
01/06/2014 07:56:37,27,36.0528835,24.88249098
01/06/2014 07:56:38,7,36.05590396,24.87617758
01/06/2014 07:56:38,11,36.07566396,24.86577531
01/06/2014 07:56:38,21,36.05039059,24.89502697
01/06/2014 07:56:38,23,36.05247688,24.90025828
01/06/2014 07:56:38,25,36.05284424,24.88665785
01/06/2014 07:56:38,27,36.05284921,24.88248662
01/06/2014 07:56:38,29,36.05463929,24.88822012
01/06/2014 07:56:39,3,36.06964395,24.86903529
01/06/2014 07:56:39,7,36.05586282,24.8762006
01/06/2014 07:56:39,11,36.0755932,24.86578946
01/06/2014 07:56:39,19,36.05552439,24.87620889
01/06/2014 07:56:39,27,36.05283834,24.88243926
01/06/2014 07:56:39,29,36.05468998,24.88812926
01/06/2014 07:56:40,3,36.06961969,24.86908002
01/06/2014 07:56:40,7,36.05583396,24.87621358
01/06/2014 07:56:40,11,36.07555758,24.86577772
01/06/2014 07:56:40,19,36.05545118,24.87616471
01/06/2014 07:56:40,21,36.05037836,24.89481572
01/06/2014 07:56:40,27,36.05282539,24.88237062
01/06/2014 07:56:41,7,36.05577463,24.87620214
01/06/2014 07:56:41,11,36.07552287,24.86577196
01/06/2014 07:56:41,19,36.05540431,24.87620736
01/06/2014 07:56:41,21,36.05033353,24.89473223
01/06/2014 07:56:41,23,36.05235139,24.90011008
01/06/2014 07:56:41,25,36.05274065,24.88652667
01/06/2014 07:56:41,27,36.05283899,24.88233701
01/06/2014 07:56:41,29,36.05467822,24.88807237
01/06/2014 07:56:42,3,36.06963845,24.86918192
01/06/2014 07:56:42,11,36.07546745,24.86576735
01/06/2014 07:56:42,19,36.05534689,24.87620974
01/06/2014 07:56:42,25,36.05272421,24.88649508
01/06/2014 07:56:42,27,36.05281893,24.88227556
01/06/2014 07:56:42,29,36.05468504,24.887972
01/06/2014 07:56:43,7,36.05566124,24.87619094
01/06/2014 07:56:43,11,36.07539534,24.86577731
01/06/2014 07:56:43,19,36.05529607,24.87618895
01/06/2014 07:56:43,23,36.05226909,24.90011331
01/06/2014 07:56:43,25,36.05275562,24.88643445
01/06/2014 07:56:43,27,36.05283769,24.88221565
01/06/2014 07:56:43,29,36.0546607,24.88798388
01/06/2014 07:56:44,3,36.06964614,24.86929022
01/06/2014 07:56:44,7,36.05564885,24.87619591
01/06/2014 07:56:44,11,36.07536606,24.86578156
01/06/2014 07:56:44,19,36.05524103,24.87616695
01/06/2014 07:56:44,25,36.0527445,24.88636748
01/06/2014 07:56:44,27,36.05283144,24.8821692
01/06/2014 07:56:44,29,36.05468158,24.88791027
01/06/2014 07:56:45,3,36.06963497,24.86933317
01/06/2014 07:56:45,7,36.05559551,24.87620484
01/06/2014 07:56:45,11,36.07532201,24.86577124
01/06/2014 07:56:45,19,36.05521433,24.87617716
01/06/2014 07:56:45,21,36.0503566,24.89436585
01/06/2014 07:56:45,23,36.05220866,24.89992824
01/06/2014 07:56:45,25,36.05273053,24.88632672
01/06/2014 07:56:45,27,36.05280962,24.88213718
01/06/2014 07:56:45,29,36.05469997,24.88782908
01/06/2014 07:56:46,3,36.06964779,24.86941456
01/06/2014 07:56:46,7,36.05550513,24.87619378
01/06/2014 07:56:46,11,36.07526501,24.86577016
01/06/2014 07:56:46,19,36.05517831,24.87620047
01/06/2014 07:56:46,25,36.05272645,24.88629131
01/06/2014 07:56:46,29,36.05463906,24.88783244
01/06/2014 07:56:47,3,36.0696479,24.86943387
01/06/2014 07:56:47,11,36.07522139,24.86578116
01/06/2014 07:56:47,19,36.05509546,24.87619234
01/06/2014 07:56:47,21,36.05037563,24.89410326
01/06/2014 07:56:47,23,36.05203884,24.89970907
01/06/2014 07:56:47,29,36.0546698,24.88774597
01/06/2014 07:56:48,3,36.06964988,24.86950302
01/06/2014 07:56:48,19,36.0550551,24.87616844
01/06/2014 07:56:48,21,36.05037074,24.89404875
01/06/2014 07:56:48,25,36.05273329,24.88616916
01/06/2014 07:56:48,29,36.05469277,24.88773072
01/06/2014 07:56:49,3,36.06964246,24.86953951
01/06/2014 07:56:49,7,36.05538785,24.87620535
01/06/2014 07:56:49,11,36.07512226,24.86576831
01/06/2014 07:56:49,21,36.05037935,24.89395816
01/06/2014 07:56:49,23,36.05197937,24.89959261
01/06/2014 07:56:49,27,36.05280263,24.88194254
01/06/2014 07:56:49,29,36.05469462,24.88765257
01/06/2014 07:56:50,3,36.06963909,24.86958068
01/06/2014 07:56:50,7,36.05530582,24.87618984
01/06/2014 07:56:50,11,36.07504673,24.86576192
01/06/2014 07:56:50,19,36.05495591,24.87619363
01/06/2014 07:56:50,21,36.05033515,24.89382766
01/06/2014 07:56:50,23,36.05190076,24.89947549
01/06/2014 07:56:50,25,36.05274007,24.88610806
01/06/2014 07:56:50,27,36.05281096,24.88189332
01/06/2014 07:56:50,29,36.05469766,24.8875996
01/06/2014 07:56:51,19,36.05490217,24.87618794
01/06/2014 07:56:51,21,36.05041003,24.89376172
01/06/2014 07:56:51,25,36.05276946,24.88603755
01/06/2014 07:56:51,27,36.05277243,24.88182972
01/06/2014 07:56:51,29,36.05464162,24.88754444
01/06/2014 07:56:52,3,36.06965214,24.86971418
01/06/2014 07:56:52,7,36.05520504,24.8761984
01/06/2014 07:56:52,19,36.05488586,24.87619624
01/06/2014 07:56:52,23,36.0519,24.89926482
01/06/2014 07:56:52,25,36.05275637,24.88600398
01/06/2014 07:56:52,29,36.05463602,24.88752127
01/06/2014 07:56:53,3,36.06962104,24.8697341
01/06/2014 07:56:53,11,36.07492445,24.86574188
01/06/2014 07:56:53,21,36.0503544,24.89354058
01/06/2014 07:56:53,23,36.05186966,24.89923003
01/06/2014 07:56:53,25,36.0527453,24.8859197
01/06/2014 07:56:53,27,36.05278538,24.88173797
01/06/2014 07:56:53,29,36.05467633,24.8874448
01/06/2014 07:56:54,3,36.06964169,24.86978508
01/06/2014 07:56:54,11,36.07484826,24.8657424
01/06/2014 07:56:54,19,36.05475536,24.87619651
01/06/2014 07:56:54,21,36.05038504,24.89340538
01/06/2014 07:56:54,23,36.05177046,24.89914154
01/06/2014 07:56:54,25,36.05276884,24.88591078
01/06/2014 07:56:54,29,36.05464494,24.8873964
01/06/2014 07:56:55,3,36.06962163,24.86984265
01/06/2014 07:56:55,7,36.05507,24.87620133
01/06/2014 07:56:55,23,36.05177602,24.899066
01/06/2014 07:56:55,25,36.05276871,24.88584162
01/06/2014 07:56:55,29,36.05465328,24.88738092
01/06/2014 07:56:56,7,36.05501822,24.87617041
01/06/2014 07:56:56,11,36.07476658,24.86572657
01/06/2014 08:06:07,28,36.07143054,24.87278721
01/06/2014 08:06:08,3,36.05112187,24.8795697
01/06/2014 08:06:08,8,36.04802765,24.87957546
01/06/2014 08:06:08,14,36.06324527,24.8859328
01/06/2014 08:06:08,16,36.04817539,24.87957002
01/06/2014 08:06:09,3,36.05107311,24.87957541
01/06/2014 08:06:09,8,36.04802232,24.87957112
01/06/2014 08:06:09,11,36.0570322,24.87616325
01/06/2014 08:06:09,13,36.05016147,24.88594728
01/06/2014 08:06:09,16,36.0481202,24.87957026
01/06/2014 08:06:10,3,36.05101917,24.87956841
01/06/2014 08:06:10,14,36.06321434,24.8859238
01/06/2014 08:06:10,16,36.04806319,24.87957378
01/06/2014 08:06:11,3,36.05096868,24.87957409
01/06/2014 08:06:11,11,36.05691432,24.87619152
01/06/2014 08:06:11,13,36.05015274,24.88573957
01/06/2014 08:06:11,16,36.04805694,24.87957015
01/06/2014 08:06:11,22,36.05423051,24.90071654
01/06/2014 08:06:11,28,36.0713016,24.87270218
01/06/2014 08:06:12,3,36.05093429,24.87958069
01/06/2014 08:06:12,13,36.05013754,24.8856573
01/06/2014 08:06:12,16,36.04802601,24.87957247
01/06/2014 08:06:12,22,36.05423169,24.90075474
01/06/2014 08:06:12,28,36.07090698,24.87187051
01/06/2014 08:06:13,3,36.05087705,24.87957362
01/06/2014 08:06:13,11,36.05680175,24.87619724
01/06/2014 08:06:13,13,36.05015634,24.88554548
01/06/2014 08:06:13,28,36.07074658,24.8724455
01/06/2014 08:06:14,3,36.05081727,24.87956592
01/06/2014 08:06:14,11,36.05676502,24.87619614
01/06/2014 08:06:14,13,36.05014098,24.8854566
01/06/2014 08:06:14,22,36.05414996,24.90092107
01/06/2014 08:06:14,28,36.07127136,24.87294563
01/06/2014 08:06:15,3,36.05078378,24.87958883
01/06/2014 08:06:15,11,36.05670338,24.87620164
01/06/2014 08:06:15,13,36.05015306,24.88533066
01/06/2014 08:06:15,14,36.06296521,24.88593195
01/06/2014 08:46:20,107,36.04803001,24.87957636
01/06/2014 08:46:20,107,36.04808113,24.87956513
01/06/2014 08:46:21,107,36.048127,24.87956961
01/06/2014 08:46:22,107,36.04817545,24.8795727
01/06/2014 08:46:23,107,36.0482331,24.87956717
01/06/2014 08:46:24,107,36.04828241,24.87957706
01/06/2014 08:46:25,107,36.04832223,24.87957097
01/06/2014 08:46:26,107,36.04838059,24.87957528
01/07/2014 03:26:47,15,36.07145631,24.8907249
01/07/2014 03:26:48,15,36.07149468,24.89061726
01/07/2014 03:26:53,15,36.07155537,24.89006836
01/07/2014 03:26:54,15,36.0715592,24.88994913
01/07/2014 06:37:01,35,36.07624511,24.87469672
01/07/2014 06:37:02,35,36.07623054,24.87452721
01/07/2014 06:38:11,35,36.07242751,24.87200067
01/07/2014 06:39:33,35,36.06751381,24.8732988
01/07/2014 06:42:01,4,36.07821802,24.87211693
01/07/2014 06:42:01,4,36.07819928,24.87204985
01/07/2014 06:42:01,35,36.06751258,24.87335928
01/07/2014 07:02:41,35,36.0519528,24.87682
01/07/2014 07:02:42,14,36.06320595,24.89170586
01/07/2014 07:02:42,34,36.06096017,24.90440993
01/07/2014 07:02:42,35,36.05193532,24.87686755
01/07/2014 07:02:43,19,36.08278155,24.85329397
01/07/2014 07:02:43,35,36.051945,24.87688996
01/07/2014 07:02:44,19,36.08281735,24.85323339
01/07/2014 07:02:44,34,36.06088464,24.90430447
01/07/2014 07:02:44,35,36.05195375,24.87694946
01/07/2014 07:02:45,14,36.06324533,24.89163806
01/07/2014 07:02:45,19,36.08277547,24.85311034
01/07/2014 07:02:45,34,36.06082486,24.90430961
01/07/2014 07:02:45,35,36.05192879,24.87699479
01/07/2014 07:02:46,14,36.06329641,24.89159737
01/07/2014 07:02:46,19,36.08275011,24.85305768
